EMP_ID,LBR_WORK_DATE,LBR_CHRG_NO,ACTU_START_TS,ACTU_END_TS,SHIFT_CD,ELAPS_ACTY_TIME,QTY_CMPLTD,WO_OPR_NO,WC_POOL,WC_STN,ITEM_NO,LBR_STD_TIME,EARNED_HRS,PERF_PCT
119915,6/8/2024,BQ5853,53:03.0,59:00.0,3,0.05,40,20,88,J16W,18-44737-002             ,1,0.67,1340
119915,6/11/2024,BQ5853,40:00.0,28:00.0,3,4.61,10,20,88,J16W,18-44737-002             ,1,0.17,3.69
119915,6/11/2024,BQ5853,21:00.0,00:00.0,3,1.83,10,20,88,J16W,18-44737-002             ,1,0.17,9.29
119915,6/11/2024,BQ5853,31:00.0,15:00.0,3,0.37,10,20,88,J16W,18-44737-002             ,1,0.17,45.95
119915,6/11/2024,BQ5853,51:00.0,29:00.0,3,0.32,148,20,88,J16W,18-44737-002             ,1,2.47,771.88
119915,6/11/2024,BQ5853,28:00.0,30:00.0,3,3.11,10,20,88,J16W,18-44737-002             ,1,0.17,5.47
119915,6/12/2024,BQ5853,20:00.0,00:00.0,3,2.67,102,20,88,J16W,18-44737-002             ,1,1.7,63.67
119915,6/14/2024,BQ5853,30:00.0,05:00.0,3,1.58,72,20,88,J16W,18-44737-002             ,1,1.2,75.95
119915,6/18/2024,BQ5853,59:00.0,14:00.0,3,3.25,116,20,88,J16W,18-44737-002             ,1,1.93,59.38
119915,6/20/2024,BQ5853,00:00.0,09:00.0,3,1.15,80,20,88,J16W,18-44737-002             ,1,1.33,115.65
119915,6/28/2024,XD7490,16:00.0,10:00.0,3,4.65,58,10,88,J16W,18-67273-111             ,5,4.83,103.87
119915,6/29/2024,XD7493,45:00.0,45:00.0,3,3.67,36,10,88,J16W,18-67273-203             ,5,3,81.74
119915,7/8/2024,XD7485,06:00.0,38:00.0,3,4.95,57,10,88,J16W,18-67273-102             ,5,4.75,95.96
119915,7/8/2024,XD7485,56:00.0,10:00.0,3,1.23,19,10,88,J16W,18-67273-102             ,5,1.58,128.46
119915,10/12/2024,XF1677,33:53.0,15:10.0,2,5.7,46,10,88,J16W,F18-68687-006            ,5,3.83,67.19
119915,10/17/2024,XF0396,41:00.0,06:53.0,2,2.42,26,10,88,J16W,18-72771-012             ,5,2.17,89.67
119915,10/17/2024,XF0396,32:52.0,06:41.0,2,0.57,6,10,88,J16W,18-72771-012             ,5,0.5,87.72
119915,11/22/2024,XF7854,00:00.0,20:10.0,2,6.75,70,10,88,J16W,18-72771-012             ,5,5.83,86.37
119915,11/23/2024,XF7854,12:00.0,14:39.0,2,4.7,55,10,88,J16W,18-72771-012             ,5,4.58,97.45
119915,12/22/2024,XH1065,33:53.0,30:00.0,2,5.95,0,10,88,J16W,18-72771-011             ,5,0,0
119915,1/21/2025,BT0689,40:00.0,18:24.0,2,7.05,114,10,88,J16W,18-64537-006             ,5.38,10.22,144.96
119915,1/22/2025,BT0689,40:00.0,04:00.0,2,1.4,0,10,88,J16W,18-64537-006             ,5.38,0,0
119915,1/22/2025,BT0689,57:44.0,29:50.0,2,5.2,120,10,88,J16W,18-64537-006             ,5.38,10.76,206.92
119915,1/28/2025,XF7178,20:00.0,00:00.0,2,3.42,60,10,88,J16W,18-64537-002             ,4.4,4.4,128.65
119915,2/3/2025,XG3328,20:00.0,20:00.0,2,4.67,76,10,88,J16W,18-64537-002             ,4.4,5.57,119.27
119915,2/4/2025,BT1742,19:09.0,17:17.0,2,6.39,120,10,88,J16W,18-64537-006             ,5.38,10.76,168.39
119915,2/5/2025,BT1742,40:00.0,37:24.0,2,2.7,37,10,88,J16W,18-64537-006             ,5.38,3.32,122.96
119915,2/18/2025,XH2550,40:00.0,30:22.0,2,5.25,58,10,88,J16W,18-72771-011             ,5,4.83,92
119915,2/18/2025,XH6426,08:53.0,09:06.0,2,0.01,1,10,88,J16W,18-72771-012             ,5,0.08,800
119915,2/19/2025,XH6426,40:00.0,10:00.0,2,3.92,31,10,88,J16W,18-72771-012             ,5,2.58,65.82
119915,2/26/2025,XH6427,40:00.0,45:23.0,2,1.42,1,10,88,J16W,18-72771-013             ,5,0.08,5.63
119915,2/26/2025,XH6427,30:00.0,30:00.0,2,4.42,64,10,88,J16W,18-72771-013             ,5,5.33,120.59
119915,3/6/2025,BT2599,45:00.0,20:00.0,2,3.25,62,10,88,J16W,18-64537-006             ,5.38,5.56,171.08
119915,3/7/2025,BT2599,40:00.0,12:00.0,2,0.53,6,10,88,J16W,18-64537-006             ,5.38,0.54,101.89
119915,3/9/2025,BT2599,36:56.0,47:00.0,2,0.18,0,10,88,J16W,18-64537-006             ,5.38,0,0
119978,1/22/2024,X94614,18:00.0,30:00.0,1,3.87,64,30,88,J16W,04-35196-103             ,2,2.13,55.04
119978,2/20/2024,BP7404,20:00.0,15:00.0,1,1.46,40,20,88,J16W,18-44737-001             ,2.59,1.73,118.49
119978,2/20/2024,X84812,45:00.0,20:00.0,1,2.58,20,30,88,J16W,18-44668-004             ,5.5,1.83,70.93
119978,2/20/2024,X97089,20:00.0,15:00.0,1,1.46,40,10,88,J16W,18-44737-002             ,0.5,0.33,22.6
119978,3/3/2024,BP9739,30:00.0,20:00.0,1,2.25,38,20,88,J16W,18-44737-001             ,2.59,1.64,72.89
119978,3/3/2024,XA1422,30:00.0,20:00.0,1,2.25,38,10,88,J16W,18-44737-002             ,0.5,0.32,14.22
119978,3/12/2024,XA8695,16:00.0,00:00.0,1,1.73,55,20,88,J16W,04-35196-103             ,2,1.83,105.78
119978,3/12/2024,XA8695,00:00.0,30:00.0,1,4.67,19,20,88,J16W,04-35196-103             ,2,0.63,13.49
119978,3/14/2024,BP9739,30:00.0,20:00.0,1,1.42,34,20,88,J16W,18-44737-001             ,2.59,1.47,103.52
119978,3/14/2024,XA1422,30:00.0,20:00.0,1,1.42,34,10,88,J16W,18-44737-002             ,0.5,0.28,19.72
119978,11/22/2024,XF0057,10:00.0,00:00.0,3,2.5,150,10,88,J16W,A18-66872-003            ,1,2.5,100
119978,12/2/2024,BS6443,10:00.0,20:00.0,3,6.58,83,10,88,J16W,18-64537-006             ,5.38,7.44,113.07
119978,1/22/2025,XG7249,30:00.0,28:23.0,3,0.97,65,30,88,J16W,18-74430-000             ,1,1.08,111.34
119978,1/23/2025,BT0689,18:53.0,05:33.0,3,2.45,26,10,88,J16W,18-64537-006             ,5.38,2.33,95.1
119978,1/24/2025,BS4636,00:00.0,30:00.0,3,3.25,0,30,88,J16W,18-71760-020             ,3.25,0,0
119978,1/27/2025,XH1437,10:00.0,00:11.0,3,6.25,40,10,88,J16W,F18-68687-006            ,5,3.33,53.28
119978,2/1/2025,BS4636,50:00.0,42:32.0,3,3.53,25,30,88,J16W,18-71760-020             ,3.25,1.35,38.24
119978,2/3/2025,BS4636,10:00.0,00:00.0,3,4.25,30,30,88,J16W,18-71760-020             ,3.25,1.63,38.35
119978,2/4/2025,XG3328,55:00.0,00:00.0,3,6.5,102,10,88,J16W,18-64537-002             ,4.4,7.48,115.08
119978,2/5/2025,BT1742,55:00.0,17:04.0,3,6.78,120,10,88,J16W,18-64537-006             ,5.38,10.76,158.7
119978,2/7/2025,XG3493,47:00.0,00:00.0,3,1.88,20,10,88,J16W,18-44668-004             ,5.5,1.83,97.34
119978,2/19/2025,XH6426,30:00.0,20:00.0,3,1.83,20,10,88,J16W,18-72771-012             ,5,1.67,91.26
120425,4/1/2024,XB9054,30:00.0,30:00.0,2,7.42,175,10,88,J16W,18-67273-100             ,1.2,3.5,47.17
125436,8/21/2025,BU7993,38:47.0,20:11.0,3,6.12,41,10,88,J16W,22-57164-010             ,5,3.42,55.88
125436,2/8/2024,XA5443,26:05.0,20:37.0,2,1.9,50,10,88,J16W,18-67273-203             ,5,4.17,219.47
125436,2/24/2024,X90841,36:54.0,27:42.0,2,5.52,100,10,88,J16W,18-64537-003             ,4.4,7.33,132.79
125436,2/26/2024,X90841,40:00.0,04:02.0,2,1.4,30,10,88,J16W,18-64537-003             ,4.4,2.2,157.14
125436,2/28/2024,XB2327,30:00.0,15:57.0,2,4.42,85,10,88,J16W,18-67273-100             ,5,7.08,160.18
125436,3/4/2024,XB2327,47:54.0,16:03.0,2,5.9,100,10,88,J16W,18-67273-100             ,5,8.33,141.19
125436,3/5/2024,XB2327,52:42.0,21:11.0,2,5.1,50,10,88,J16W,18-67273-100             ,5,4.17,81.76
125436,3/8/2024,XA1445,02:55.0,18:42.0,2,6.68,124,10,88,J16W,18-64537-003             ,4.4,9.09,136.08
125436,3/9/2024,XA1445,34:11.0,11:35.0,2,5.62,56,10,88,J16W,18-64537-003             ,4.4,4.11,73.13
125436,3/13/2024,BQ9267,40:00.0,16:15.0,2,7.02,250,210A,88,J16W,18-65989-001             ,1,4.17,59.4
125436,3/14/2024,BQ9267,40:00.0,18:09.0,2,7.05,320,210A,88,J16W,18-65989-001             ,1,5.33,75.6
125436,3/15/2024,BQ9267,10:41.0,15:08.0,2,3.75,125,210A,88,J16W,18-65989-001             ,1,2.08,55.47
125436,3/15/2024,XB2328,40:00.0,10:00.0,2,3.25,71,10,88,J16W,18-67273-101             ,5,5.92,182.15
125436,3/16/2024,BQ9267,37:31.0,13:57.0,2,5.6,135,210A,88,J16W,18-65989-001             ,1,2.25,40.18
125436,3/18/2024,BQ9267,44:10.0,25:20.0,2,4.27,165,210A,88,J16W,18-65989-001             ,1,2.75,64.4
125436,3/19/2024,XA6360,40:00.0,19:00.0,2,7.65,134,10,88,J16W,18-64537-003             ,4.4,9.83,128.5
125436,3/20/2024,XA6360,40:00.0,20:00.0,2,3.42,36,10,88,J16W,18-64537-003             ,4.4,2.64,77.19
125436,3/22/2024,BP9739,10:00.0,20:00.0,2,3.29,72,20,88,J16W,18-44737-001             ,2.59,3.11,94.53
125436,3/22/2024,XA1422,10:00.0,20:00.0,2,3.29,72,10,88,J16W,18-44737-002             ,0.5,0.6,18.24
125436,3/23/2024,BP9739,40:00.0,20:00.0,2,3.54,56,20,88,J16W,18-44737-001             ,2.59,2.42,68.36
125436,3/23/2024,XA1422,40:00.0,20:00.0,2,3.54,56,10,88,J16W,18-44737-002             ,0.5,0.47,13.28
125436,3/24/2024,XA6752,35:46.0,20:11.0,2,4.75,60,10,88,J16W,18-64537-003             ,4.4,4.4,92.63
125436,4/4/2024,BQ7901,06:30.0,30:00.0,2,5.4,0,25,88,J16W,12-28678-001             ,2,0,0
125436,4/6/2024,BQ2277,40:00.0,25:45.0,2,3.88,72,20,88,J16W,18-44737-001             ,2.59,3.11,80.15
125436,4/6/2024,XA2266,40:00.0,25:45.0,2,3.88,72,20,88,J16W,18-44737-002             ,2.59,3.11,80.15
125436,4/8/2024,BQ2277,40:00.0,20:00.0,2,1.83,60,20,88,J16W,18-44737-001             ,2.59,2.59,141.53
125436,4/8/2024,XA2266,40:00.0,20:00.0,2,1.83,60,20,88,J16W,18-44737-002             ,2.59,2.59,141.53
125436,7/31/2025,XK1150,36:08.0,20:28.0,3,6.15,120,10,88,J16W,18-64537-006             ,2,4,65.04
125436,8/1/2025,XK1150,16:30.0,24:03.0,3,2.88,60,10,88,J16W,18-64537-006             ,2,2,69.44
125436,5/19/2025,XJ5597,33:55.0,24:07.0,3,6.27,82,10,88,J16W,18-72771-010             ,5,6.83,108.93
125436,5/20/2025,XJ6496,40:00.0,20:00.0,3,7.08,368,30,88,J16W,18-74430-000             ,1,6.13,86.58
125436,5/21/2025,BU1574,34:29.0,08:36.0,3,1.57,33,25,88,J16W,12-28678-001             ,2,1.1,70.06
125436,5/27/2025,XK5538,53:53.0,12:11.0,3,0.32,4,10,88,J16W,18-67273-102             ,5,0.33,103.13
125436,5/27/2025,XK5539,33:52.0,47:07.0,3,0.23,4,10,88,J16W,18-67273-105             ,5,0.33,143.48
125436,5/29/2025,BU2922,33:37.0,09:39.0,3,0.6,29,25,88,J16W,15-13932-007             ,1.9,0.92,153.33
125436,6/2/2025,XJ5860,52:59.0,19:54.0,3,2.45,48,10,88,J16W,18-72771-010             ,5,4,163.27
125436,6/2/2025,XK0289,34:05.0,38:27.0,3,3.73,43,10,88,J16W,18-72771-012             ,5,3.58,95.98
125436,6/11/2025,XK5539,01:46.0,17:34.0,3,4.02,51,10,88,J16W,18-67273-105             ,5,4.25,105.72
125436,6/16/2025,XJ5452,59:00.0,20:00.0,3,3.02,60,10,88,J16W,18-64537-006             ,2,2,66.23
125436,6/23/2025,XK1729,00:52.0,00:00.0,3,2.75,0,10,88,J16W,18-72771-012             ,5,0,0
125436,7/24/2025,XL6802,03:34.0,37:35.0,3,0.57,10,10,88,J16W,18-67273-102             ,5,0.83,145.61
125436,7/24/2025,XL6803,59:44.0,02:11.0,3,0.05,2,10,88,J16W,18-67273-105             ,5,0.17,340
125436,7/24/2025,XL6804,17:56.0,08:59.0,3,0.72,15,10,88,J16W,18-67273-106             ,5,1.25,173.61
125436,7/24/2025,XL6805,53:06.0,03:47.0,3,0.17,5,10,88,J16W,18-67273-108             ,5,0.42,247.06
125436,7/24/2025,XL6806,37:45.0,51:00.0,3,0.23,5,10,88,J16W,18-67273-109             ,5,0.42,182.61
125436,7/24/2025,XL6807,20:14.0,56:43.0,3,0.35,5,10,88,J16W,18-67273-111             ,5,0.42,120
125436,7/24/2025,XL6808,02:54.0,20:14.0,3,0.3,6,10,88,J16W,18-67273-203             ,5,0.5,166.67
125436,8/20/2025,XM2371,06:37.0,16:32.0,3,2.92,21,10,88,J16W,18-67273-102             ,5,1.75,59.93
111370,8/1/2025,BU8699,56:07.0,00:12.0,1,0.07,1,10,88,J16W,A66-34768-000            ,5,0.08,114.29
105507,3/23/2024,XB9054,40:00.0,21:16.0,1,7.1,350,10,88,J16W,18-67273-100             ,1.2,7,98.59
120010,12/20/2024,XH1066,13:00.0,20:00.0,3,6.53,43,10,88,J16W,18-72771-012             ,5,3.58,54.82
120010,12/23/2024,XF8068,11:00.0,20:00.0,3,6.57,450,30,88,J16W,18-74430-000             ,1,7.5,114.16
120010,1/23/2025,XG7249,04:59.0,21:38.0,3,1.28,93,30,88,J16W,18-74430-000             ,1,1.55,121.09
120010,1/23/2025,XH1930,22:00.0,20:00.0,3,1.97,15,10,88,J16W,18-72771-013             ,5,1.25,63.45
120010,1/23/2025,XH6403,53:45.0,21:01.0,3,2.47,38,10,88,J16W,18-71533-002             ,5,3.17,128.34
120010,1/24/2025,XH1930,25:06.0,40:37.0,3,1.08,21,10,88,J16W,18-72771-013             ,5,1.75,162.04
120010,2/6/2025,BT2581,14:43.0,55:01.0,3,0.68,7,25,88,J16W,12-28678-001             ,2,0.23,33.82
120010,2/6/2025,BT5124,30:02.0,48:35.0,3,0.97,5,10,88,J16W,04-31977-000             ,1,0.08,8.25
120010,2/6/2025,BT5124,17:11.0,32:33.0,3,2,60,10,88,J16W,04-31977-000             ,1,1,50
120010,2/7/2025,BT5300,10:00.0,00:00.0,3,1.5,40,10,88,J16W,03-44574-000             ,3,2,133.33
120010,2/10/2025,XH2164,03:00.0,20:00.0,3,4.03,80,10,88,J16W,18-72771-011             ,5,6.67,165.51
120010,2/11/2025,XH7125,28:00.0,20:00.0,3,6.28,70,10,88,J16W,F18-68687-006            ,5,5.83,92.83
120010,2/12/2025,XH7125,14:00.0,20:00.0,3,5.52,45,10,88,J16W,F18-68687-006            ,5,3.75,67.93
120010,2/20/2025,XH1637,10:00.0,20:00.0,3,6.58,50,10,88,J16W,18-44668-004             ,5.5,4.58,69.6
120010,2/27/2025,XH7332,08:59.0,26:34.0,3,0.3,12,10,88,J16W,18-72771-010             ,5,1,333.33
120010,2/28/2025,XH7332,02:43.0,53:57.0,3,1.52,18,10,88,J16W,18-72771-010             ,5,1.5,98.68
120010,3/5/2025,XI4924,20:00.0,08:00.0,3,3.33,21,10,88,J16W,22-57164-010             ,5,1.75,52.55
105734,8/8/2025,XJ5959,23:00.0,20:00.0,1,0.95,12,20,88,J16W,04-35196-103             ,2,0.4,42.11
105734,4/23/2025,XJ3752,30:00.0,20:20.0,1,2.83,34,10,88,J16W,18-72771-010             ,5,2.83,100
105734,4/24/2025,XI9895,59:15.0,20:42.0,1,6.77,57,10,88,J16W,18-44668-004             ,5.5,5.23,77.25
105734,5/5/2025,XJ4682,25:26.0,20:18.0,1,6.33,58,10,88,J16W,18-72771-012             ,5,4.83,76.3
105734,5/8/2025,BU0933,22:00.0,26:00.0,1,3.73,60,25,88,J16W,12-28678-001             ,2,2,53.62
105734,5/17/2025,XJ6118,40:00.0,19:09.0,1,5.32,28,10,88,J16W,18-72771-012             ,5,2.33,43.8
105734,5/19/2025,XJ5597,40:00.0,20:09.0,1,7.08,68,10,88,J16W,18-72771-010             ,5,5.67,80.08
105734,5/20/2025,XJ6496,40:00.0,20:03.0,1,7.08,420,30,88,J16W,18-74430-000             ,1,7,98.87
105734,5/21/2025,BU3638,30:00.0,13:00.0,1,0.72,20,10,88,J16W,04-31977-000             ,1,0.33,45.83
105734,5/21/2025,XK6263,40:00.0,09:01.0,1,1.48,20,20,88,J16W,04-35196-103             ,2,0.67,45.27
105734,5/27/2025,XJ6678,00:13.0,20:02.0,1,2.33,17,10,88,J16W,18-72771-013             ,5,1.42,60.94
105734,5/28/2025,XJ6678,40:00.0,42:00.0,1,2.78,24,10,88,J16W,18-72771-013             ,5,2,71.94
105734,5/29/2025,BU0214,38:00.0,20:00.0,1,0.85,25,10,88,J16W,18-68687-020             ,5,2.08,244.71
105734,5/30/2025,XK0289,40:00.0,20:00.0,1,7.08,57,10,88,J16W,18-72771-012             ,5,4.75,67.09
105734,6/2/2025,XJ5860,40:00.0,13:00.0,1,1.55,17,10,88,J16W,18-72771-010             ,5,1.42,91.61
105734,6/2/2025,XJ9917,04:00.0,20:00.0,1,4.93,69,10,88,J16W,18-72771-011             ,5,5.75,116.63
105734,6/4/2025,XK0478,40:00.0,20:00.0,1,7.08,58,10,88,J16W,18-72771-013             ,5,4.83,68.22
105734,6/6/2025,BU3697,19:53.0,40:57.0,1,1.01,56,10,88,J16W,03-44574-000             ,3,2.8,277.23
105734,6/6/2025,XK0871,05:40.0,40:57.0,1,1.96,8,10,88,J16W,18-72771-011             ,5,0.67,34.18
105734,6/17/2025,XK0600,40:00.0,20:00.0,1,7.08,300,30,88,J16W,18-74430-000             ,1,5,70.62
105734,6/23/2025,XK1729,40:00.0,20:00.0,1,7.08,40,10,88,J16W,18-72771-012             ,5,3.33,47.03
105734,6/24/2025,XL1686,51:00.0,20:00.0,1,5.9,60,10,88,J16W,18-72771-011             ,5,5,84.75
105734,6/26/2025,BU3317,40:00.0,20:00.0,1,7.08,47,10,88,J16W,05-28802-001             ,12.2,9.56,135.03
105734,7/3/2025,BU4690,40:00.0,04:00.0,1,2.15,15,25,88,J16W,12-28678-001             ,2,0.5,23.26
105734,7/8/2025,XK8011,40:16.0,20:52.0,1,0.67,10,40,88,J16W,22-74603-001             ,2.5,0.42,62.69
105734,7/9/2025,XK6604,05:00.0,20:00.0,1,1.25,30,10,88,J16W,18-71533-001             ,5,2.5,200
105734,7/9/2025,XL1224,24:25.0,32:22.0,1,1.88,6,10,88,J16W,18-67273-105             ,5,0.5,26.6
105734,7/10/2025,XK8310,40:00.0,20:00.0,1,3.42,15,10,88,J16W,05-28802-000             ,6.3,1.58,46.2
105734,7/16/2025,XK6288,40:00.0,43:58.0,1,2.8,25,10,88,J16W,18-64537-002             ,4.4,1.83,65.36
107377,8/28/2023,BO3593,34:00.0,20:00.0,1,0.77,6,30,88,J16W,18-71760-020             ,3.25,0.33,42.86
107377,8/28/2023,X53636,03:52.0,40:31.0,1,2.37,34,10,88,J16W,18-64537-002             ,4.4,2.49,105.06
107377,8/28/2023,X53636,13:13.0,31:24.0,1,1.97,26,10,88,J16W,18-64537-002             ,4.4,1.91,96.95
107377,8/29/2023,X59774,12:00.0,20:00.0,1,1.13,12,10,88,J16W,22-57164-010             ,5,1,88.5
107377,8/30/2023,X66246,36:56.0,19:41.0,1,6.13,85,10,88,J16W,18-68687-020             ,5,7.08,115.5
107377,8/31/2023,X65631,24:00.0,05:38.0,1,2.43,58,40,88,J16W,22-74602-003             ,1.5,1.45,59.67
107377,8/31/2023,X71781,53:16.0,19:19.0,1,2.43,42,10,88,J16W,18-67273-204             ,5,3.5,144.03
107377,9/1/2023,X71781,06:32.0,19:15.0,1,6.63,125,10,88,J16W,18-67273-204             ,5,10.42,157.16
107377,9/4/2023,BO5517,16:10.0,35:48.0,1,5.32,140,10,88,J16W,18-44737-002             ,0.5,1.17,21.99
107377,9/4/2023,X71781,03:54.0,21:05.0,1,0.3,5,10,88,J16W,18-67273-204             ,5,0.42,140
107377,9/4/2023,X71783,38:13.0,56:39.0,1,0.3,5,10,88,J16W,18-67273-206             ,3,0.25,83.33
107377,9/4/2023,X71785,18:26.0,30:26.0,1,0.2,2,10,88,J16W,18-67273-208             ,4,0.13,65
107377,9/4/2023,X71789,46:05.0,37:40.0,1,0.85,5,10,88,J16W,18-67273-230             ,5,0.42,49.41
107377,9/4/2023,X71792,20:03.0,21:10.0,1,0.02,2,10,88,J16W,18-67273-241             ,5,0.17,850
107377,9/4/2023,X71794,21:23.0,23:18.0,1,0.03,3,10,88,J16W,18-67273-267             ,5,0.25,833.33
107377,9/4/2023,X71855,51:29.0,55:19.0,1,1.07,18,10,88,J16W,18-74470-000             ,5,1.5,140.19
107377,9/4/2023,X72526,46:32.0,59:41.0,1,0.22,5,10,88,J16W,18-67273-213             ,5,0.42,190.91
107377,9/6/2023,X66480,01:00.0,20:00.0,1,3,24,30,88,J16W,18-44668-004             ,5.5,2.2,73.33
107377,9/7/2023,X66480,12:30.0,19:39.0,1,5.53,49,30,88,J16W,18-44668-004             ,5.5,4.49,81.19
107377,9/11/2023,X71793,37:31.0,17:54.0,1,0.67,4,10,88,J16W,18-67273-266             ,5,0.33,49.25
107377,9/12/2023,X71771,51:00.0,20:00.0,1,4.48,75,10,88,J16W,18-67273-100             ,5,6.25,139.51
107377,9/12/2023,X71780,29:25.0,51:31.0,1,0.37,7,10,88,J16W,18-67273-203             ,5,0.58,156.76
107377,9/12/2023,X71793,01:21.0,29:14.0,1,2.47,43,10,88,J16W,18-67273-266             ,5,3.58,144.94
107377,9/13/2023,X73711,01:00.0,20:00.0,1,3,68,10,88,J16W,03-44574-000             ,3,3.4,113.33
107377,9/13/2023,X74293,09:47.0,54:57.0,1,2.5,36,10,88,J16W,18-71533-001             ,5,3,120
107377,9/20/2023,X78348,09:16.0,19:03.0,1,6.58,137,10,88,J16W,18-74470-000             ,5,11.42,173.56
107377,9/21/2023,X78267,04:09.0,21:28.0,1,0.28,5,10,88,J16W,18-67273-102             ,5,0.42,150
107377,9/21/2023,X78268,40:57.0,59:52.0,1,0.32,5,10,88,J16W,18-67273-105             ,5,0.42,131.25
107377,9/21/2023,X78269,10:24.0,29:31.0,1,0.32,5,10,88,J16W,18-67273-106             ,5,0.42,131.25
107377,9/21/2023,X78270,49:53.0,13:27.0,1,0.4,5,10,88,J16W,18-67273-108             ,5,0.42,105
107377,9/21/2023,X78273,24:40.0,59:11.0,1,0.58,8,10,88,J16W,18-67273-202             ,5,0.67,115.52
107377,9/21/2023,X78277,18:14.0,31:36.0,1,0.22,5,10,88,J16W,18-67273-206             ,3,0.25,113.64
107377,9/21/2023,X78278,01:09.0,05:34.0,1,0.07,2,10,88,J16W,18-67273-207             ,3,0.1,142.86
107377,9/21/2023,X78286,52:15.0,21:14.0,1,0.48,5,10,88,J16W,18-67273-231             ,4,0.33,68.75
107377,9/21/2023,X78288,28:42.0,35:59.0,1,0.12,2,10,88,J16W,18-67273-241             ,5,0.17,141.67
107377,9/21/2023,X78289,47:58.0,54:44.0,1,0.12,2,10,88,J16W,18-67273-266             ,5,0.17,141.67
107377,9/21/2023,X78348,06:26.0,14:08.0,1,0.13,5,10,88,J16W,18-74470-000             ,5,0.42,323.08
107377,9/23/2023,X65760,45:00.0,20:00.0,1,1.58,65,25,88,J16W,A03-43818-000            ,1.5,1.63,103.16
107377,9/23/2023,X74572,20:15.0,13:31.0,1,4.3,81,10,88,J16W,03-44574-000             ,3,4.05,94.19
107377,9/26/2023,X78319,10:09.0,08:27.0,1,3.63,60,10,88,J16W,18-71533-001             ,5,5,137.74
107377,9/27/2023,X78288,09:24.0,18:45.0,1,2.9,42,10,88,J16W,18-67273-241             ,5,3.5,120.69
107377,9/28/2023,X78288,02:00.0,20:00.0,1,6.72,130,10,88,J16W,18-67273-241             ,5,10.83,161.16
107377,9/30/2023,X60491,03:00.0,20:00.0,1,3.95,90,10,88,J16W,18-64537-003             ,4.4,6.6,167.09
107377,9/30/2023,X73146,31:33.0,39:14.0,1,0.13,2,10,88,J16W,18-72771-013             ,5,0.17,130.77
107377,10/1/2023,X60491,56:00.0,20:00.0,1,5.07,90,10,88,J16W,18-64537-003             ,4.4,6.6,130.18
107377,10/4/2023,BP0331,26:20.0,37:21.0,1,2.93,69,25,88,J16W,15-13932-007             ,1.9,2.19,74.74
107377,10/4/2023,X78267,22:00.0,20:00.0,1,2.97,53,10,88,J16W,18-67273-102             ,5,4.42,148.82
107377,10/6/2023,X78267,11:42.0,44:32.0,1,0.55,7,10,88,J16W,18-67273-102             ,5,0.58,105.45
107377,10/6/2023,X78268,17:59.0,17:39.0,1,0.75,8,10,88,J16W,18-67273-105             ,5,0.67,89.33
107377,10/6/2023,X78270,08:10.0,26:32.0,1,0.3,5,10,88,J16W,18-67273-108             ,5,0.42,140
107377,10/6/2023,X78272,47:46.0,51:04.0,1,0.07,2,10,88,J16W,18-67273-111             ,5,0.17,242.86
107377,10/6/2023,X78273,45:50.0,44:24.0,1,0.98,15,10,88,J16W,18-67273-202             ,5,1.25,127.55
107377,10/6/2023,X78274,59:41.0,20:43.0,1,1.35,24,10,88,J16W,18-67273-203             ,5,2,148.15
107377,10/6/2023,X78276,56:54.0,13:58.0,1,0.07,4,10,88,J16W,18-67273-205             ,5,0.33,471.43
107377,10/9/2023,X72421,09:42.0,21:39.0,1,0.2,2,30,88,J16W,18-44668-004             ,5.5,0.18,90
107377,10/9/2023,X78269,18:53.0,45:30.0,1,0.45,8,10,88,J16W,18-67273-106             ,5,0.67,148.89
107377,10/9/2023,X78286,53:51.0,08:51.0,1,0.25,7,10,88,J16W,18-67273-231             ,4,0.47,188
107377,10/18/2023,X73657,31:00.0,20:00.0,1,1.82,75,40,88,J16W,22-74603-001             ,2.5,3.13,171.98
107377,10/18/2023,X80813,57:20.0,52:13.0,1,2.67,127,30,88,J16W,22-74602-000             ,1,2.12,79.4
107377,10/20/2023,X84870,07:49.0,19:01.0,1,6.62,140,10,88,J16W,18-67273-202             ,5,11.67,176.28
107377,10/21/2023,X84875,10:58.0,18:19.0,1,0.13,2,10,88,J16W,18-67273-208             ,4,0.13,100
107377,10/21/2023,X84879,08:21.0,11:39.0,1,0.05,1,10,88,J16W,18-67273-212             ,5,0.08,160
107377,10/21/2023,X84883,35:27.0,16:11.0,1,0.68,10,10,88,J16W,18-67273-231             ,4,0.67,98.53
107377,10/21/2023,X84885,56:04.0,03:40.0,1,0.07,2,10,88,J16W,18-67273-241             ,5,0.17,242.86
107377,10/21/2023,X84886,00:54.0,11:32.0,1,0.18,2,10,88,J16W,18-67273-266             ,5,0.17,94.44
107377,10/21/2023,X84887,44:13.0,11:28.0,1,0.45,5,10,88,J16W,18-67273-267             ,5,0.42,93.33
107377,10/21/2023,X84957,36:52.0,55:39.0,1,0.32,4,10,88,J16W,18-74470-000             ,5,0.33,103.13
107377,10/22/2023,BO7291,30:50.0,16:16.0,1,1.89,48,20,88,J16W,18-44737-001             ,2.59,2.07,109.52
107377,10/22/2023,BO9091,31:06.0,16:16.0,1,1.88,48,10,88,J16W,18-44737-002             ,0.5,0.4,21.28
107377,10/23/2023,BO7291,38:56.0,15:35.0,1,3.03,75,20,88,J16W,18-44737-001             ,2.59,3.24,106.93
107377,10/23/2023,BO9091,39:00.0,20:00.0,1,3.09,75,10,88,J16W,18-44737-002             ,0.5,0.63,20.39
107377,10/25/2023,BP0049,41:29.0,15:38.0,1,0.57,12,25,88,J16W,12-28678-001             ,2,0.4,70.18
107377,10/25/2023,X75208,41:42.0,19:04.0,1,1.63,15,30,88,J16W,18-44668-004             ,5.5,1.38,84.66
107377,10/26/2023,X75208,09:36.0,20:18.0,1,6.6,66,30,88,J16W,18-44668-004             ,5.5,6.05,91.67
107377,11/9/2023,BP4780,23:22.0,01:18.0,1,0.63,22,30,88,J16W,15-31345-000             ,2,0.73,115.87
107377,11/9/2023,BP4780,33:41.0,16:58.0,1,1.72,38,30,88,J16W,15-31345-000             ,2,1.27,73.84
107377,11/10/2023,X90441,09:45.0,15:59.0,1,1.1,22,10,88,J16W,18-67273-209             ,4,1.47,133.64
107377,11/14/2023,X90431,12:41.0,30:34.0,1,0.3,5,10,88,J16W,18-67273-106             ,5,0.42,140
107377,11/14/2023,X90435,02:09.0,13:18.0,1,0.93,15,10,88,J16W,18-67273-202             ,5,1.25,134.41
107377,11/14/2023,X90436,00:08.0,15:19.0,1,1.25,20,10,88,J16W,18-67273-203             ,5,1.67,133.6
107377,11/14/2023,X90438,35:36.0,58:31.0,1,0.38,5,10,88,J16W,18-67273-205             ,5,0.42,110.53
107377,11/14/2023,X90439,31:45.0,14:06.0,1,0.48,10,10,88,J16W,18-67273-206             ,3,0.5,104.17
107377,11/14/2023,X90440,12:11.0,31:25.0,1,0.32,5,10,88,J16W,18-67273-208             ,4,0.33,103.13
107377,11/14/2023,X90443,42:41.0,18:06.0,1,0.6,8,10,88,J16W,18-67273-211             ,5,0.67,111.67
107377,11/14/2023,X90445,38:33.0,42:28.0,1,0.07,1,10,88,J16W,18-67273-213             ,5,0.08,114.29
107377,11/15/2023,BO9532,51:00.0,20:00.0,1,2.99,80,20,88,J16W,18-44737-001             ,2.59,3.45,115.38
107377,11/15/2023,BO9533,51:37.0,15:39.0,1,2.91,80,20,88,J16W,18-44737-000             ,2.59,3.45,118.56
107377,11/16/2023,X79704,46:19.0,20:39.0,1,2.32,40,30,88,J16W,04-35196-103             ,2,1.33,57.33
107377,11/18/2023,X90443,12:00.0,20:00.0,1,6.55,85,10,88,J16W,18-67273-211             ,5,7.08,108.09
107377,11/19/2023,X93977,10:42.0,17:14.0,1,2.12,30,10,88,J16W,18-67273-100             ,5,2.5,117.92
107377,11/19/2023,X93992,15:30.0,31:34.0,1,2.27,31,10,88,J16W,18-67273-210             ,5,2.58,113.66
107377,11/27/2023,BO9532,44:10.0,35:26.0,1,2.13,59,20,88,J16W,18-44737-001             ,2.59,2.55,119.72
107377,11/27/2023,BO9533,44:00.0,35:26.0,1,2.13,59,20,88,J16W,18-44737-000             ,2.59,2.55,119.72
107377,11/28/2023,X93992,19:10.0,21:00.0,1,6.45,112,10,88,J16W,18-67273-210             ,5,9.33,144.65
107377,11/29/2023,X93978,33:00.0,20:00.0,1,3.45,75,10,88,J16W,18-67273-101             ,5,6.25,181.16
107377,11/29/2023,X93995,26:38.0,30:13.0,1,0.07,2,10,88,J16W,18-67273-213             ,5,0.17,242.86
107377,11/29/2023,X93997,05:17.0,19:09.0,1,0.23,5,10,88,J16W,18-67273-230             ,5,0.42,182.61
107377,11/29/2023,X93998,59:04.0,40:57.0,1,0.68,15,10,88,J16W,18-67273-231             ,4,1,147.06
107377,11/29/2023,X94001,41:13.0,11:53.0,1,0.5,15,10,88,J16W,18-67273-266             ,5,1.25,250
107377,11/29/2023,X94056,30:28.0,33:13.0,1,0.05,1,10,88,J16W,18-74470-000             ,5,0.08,160
107377,11/30/2023,X79613,05:00.0,20:00.0,1,4.92,72,10,88,J16W,18-72771-011             ,5,6,121.95
107377,12/1/2023,BP2039,30:15.0,39:17.0,1,3.82,88,10,88,J16W,18-67526-040             ,2.5,3.67,96.07
107377,12/1/2023,BP3586,38:49.0,42:31.0,1,0.07,5,10,88,J16W,18-67525-020             ,0.85,0.07,100
107377,12/5/2023,X93985,15:00.0,20:00.0,1,6.5,88,10,88,J16W,18-67273-202             ,5,7.33,112.77
107377,12/6/2023,X75208,51:00.0,20:00.0,1,4.15,37,30,88,J16W,18-44668-004             ,5.5,3.39,81.69
107377,12/6/2023,X93978,10:39.0,52:07.0,1,0.7,25,10,88,J16W,18-67273-101             ,5,2.08,297.14
107377,12/7/2023,X81019,54:00.0,20:00.0,1,2.43,25,10,88,J16W,18-72771-013             ,5,2.08,85.6
107377,12/7/2023,X84927,16:47.0,26:21.0,1,1.92,21,30,88,J16W,18-71760-020             ,3.25,1.14,59.38
107377,12/8/2023,BP3178,05:00.0,20:00.0,1,2.88,70,10,88,J16W,18-44737-002             ,0.5,0.58,20.14
107377,12/8/2023,BP3820,05:29.0,15:52.0,1,2.79,70,20,88,J16W,18-44737-001             ,2.59,3.02,108.24
107377,12/9/2023,X85964,10:51.0,15:30.0,1,7.08,480,30,88,J16W,18-74430-000             ,1,8,112.99
107377,12/14/2023,BP1641,18:05.0,17:57.0,1,0.98,50,10,88,J16W,22-78118-010             ,1,0.83,84.69
107377,12/15/2023,X85440,34:00.0,20:00.0,1,2.77,50,10,88,J16W,18-71533-000             ,5,4.17,150.54
107377,12/16/2023,X84948,45:22.0,20:32.0,1,4,50,10,88,J16W,18-72771-012             ,5,4.17,104.25
107377,12/16/2023,X85259,03:00.0,20:00.0,1,1.28,16,10,88,J16W,18-72771-013             ,5,1.33,103.91
107377,12/19/2023,X86852,47:00.0,20:00.0,1,1.55,25,40,88,J16W,22-74602-003             ,1.5,0.63,40.65
107377,12/20/2023,X79872,10:00.0,20:00.0,1,2.17,20,30,88,J16W,18-44668-004             ,5.5,1.83,84.33
107377,12/20/2023,X86828,31:16.0,16:48.0,1,1.5,25,10,88,J16W,18-72771-010             ,5,2.08,138.67
107377,12/21/2023,X79872,17:02.0,16:07.0,1,6.4,52,30,88,J16W,18-44668-004             ,5.5,4.77,74.53
107377,12/22/2023,X79872,10:01.0,23:59.0,1,4.63,41,30,88,J16W,18-44668-004             ,5.5,3.76,81.21
107377,1/4/2024,X99994,30:50.0,20:09.0,1,10.25,150,10,88,J16W,18-67273-101             ,5,12.5,121.95
107377,1/5/2024,XA0001,27:50.0,51:49.0,1,0.4,6,10,88,J16W,18-67273-202             ,5,0.5,125
107377,1/5/2024,XA0002,11:19.0,58:29.0,1,0.79,10,10,88,J16W,18-67273-203             ,5,0.83,105.06
107377,1/5/2024,XA0011,05:49.0,08:16.0,1,0.05,1,10,88,J16W,18-67273-231             ,4,0.07,140
107377,1/5/2024,X99994,10:47.0,02:47.0,1,7.28,115,10,88,J16W,18-67273-101             ,5,9.58,131.59
107377,1/5/2024,X99995,31:14.0,22:02.0,1,0.85,8,10,88,J16W,18-67273-102             ,5,0.67,78.82
107377,1/6/2024,XA0000,35:36.0,44:21.0,1,0.15,2,10,88,J16W,18-67273-111             ,5,0.17,113.33
107377,1/6/2024,XA0005,43:32.0,48:34.0,1,0.08,2,10,88,J16W,18-67273-206             ,3,0.1,125
107377,1/6/2024,XA0012,55:12.0,17:06.0,1,0.37,5,10,88,J16W,18-67273-267             ,5,0.42,113.51
107377,1/6/2024,X99994,34:38.0,29:01.0,1,3.92,50,10,88,J16W,18-67273-101             ,5,4.17,106.38
107377,1/6/2024,X99995,13:19.0,23:53.0,1,0.17,2,10,88,J16W,18-67273-102             ,5,0.17,100
107377,1/6/2024,X99996,54:13.0,40:57.0,1,0.77,10,10,88,J16W,18-67273-105             ,5,0.83,107.79
107377,1/6/2024,X99997,50:48.0,18:42.0,1,1.47,20,10,88,J16W,18-67273-106             ,5,1.67,113.61
107377,1/6/2024,X99998,58:30.0,13:10.0,1,0.25,5,10,88,J16W,18-67273-108             ,5,0.42,168
107377,1/11/2024,X99993,02:00.0,20:00.0,1,3.97,64,10,88,J16W,18-67273-100             ,5,5.33,134.26
107377,1/12/2024,X99993,01:06.0,25:33.0,1,4.82,80,10,88,J16W,18-67273-100             ,5,6.67,138.38
107377,1/13/2024,X99993,10:00.0,20:00.0,1,4.83,101,10,88,J16W,18-67273-100             ,5,8.42,174.33
107377,1/14/2024,XA0001,33:10.0,48:24.0,1,0.25,3,10,88,J16W,18-67273-202             ,5,0.25,100
107377,1/14/2024,XA0012,04:22.0,35:45.0,1,0.52,8,10,88,J16W,18-67273-267             ,5,0.67,128.85
107377,1/14/2024,XA0072,01:13.0,35:20.0,1,1.57,26,10,88,J16W,18-74470-000             ,5,2.17,138.22
107377,1/14/2024,X99994,01:46.0,20:28.0,1,1.32,25,10,88,J16W,18-67273-101             ,5,2.08,157.58
107377,1/14/2024,X99999,12:25.0,23:43.0,1,0.18,2,10,88,J16W,18-67273-109             ,5,0.17,94.44
107377,1/16/2024,X99994,02:16.0,20:17.0,1,6.72,116,10,88,J16W,18-67273-101             ,5,9.67,143.9
107377,1/25/2024,X97109,11:15.0,18:22.0,1,6.53,73,10,88,J16W,F18-68687-006            ,5,6.08,93.11
107377,1/26/2024,XA5435,57:00.0,20:00.0,1,5.8,85,10,88,J16W,18-67273-101             ,5,7.08,122.07
107377,1/27/2024,XA5434,11:00.0,20:00.0,1,4.82,79,10,88,J16W,18-67273-100             ,5,6.58,136.51
107377,1/28/2024,XA5437,11:07.0,47:55.0,1,0.6,8,10,88,J16W,18-67273-105             ,5,0.67,111.67
107377,1/29/2024,X86829,46:00.0,20:00.0,1,1.57,18,10,88,J16W,18-72771-013             ,5,1.5,95.54
107377,2/1/2024,BP7404,39:11.0,18:26.0,1,3.03,60,20,88,J16W,18-44737-001             ,2.59,2.59,85.48
107377,2/1/2024,X97089,39:28.0,18:26.0,1,3.03,60,10,88,J16W,18-44737-002             ,0.5,0.5,16.5
107377,2/2/2024,BP9707,50:05.0,17:13.0,1,5.87,68,25,88,J16W,12-28678-001             ,2,2.27,38.67
107377,2/4/2024,X96327,06:00.0,20:00.0,1,2.9,50,10,88,J16W,18-71533-000             ,5,4.17,143.79
107377,2/7/2024,XA0534,12:00.0,20:00.0,1,1.13,40,25,88,J16W,A03-43818-000            ,1.5,1,88.5
107377,2/7/2024,XA1310,04:23.0,42:24.0,1,2.3,48,30,88,J16W,04-35196-103             ,0.86,0.69,30
107377,2/9/2024,X94409,04:19.0,15:23.0,1,4.6,72,10,88,J16W,18-67526-060             ,3.5,4.2,91.3
107377,2/10/2024,X94770,30:50.0,16:47.0,1,3.43,58,10,88,J16W,18-72771-011             ,5,4.83,140.82
107377,2/11/2024,XA5443,16:34.0,24:40.0,1,1.13,13,10,88,J16W,18-67273-203             ,5,1.08,95.58
107377,2/12/2024,X95000,26:32.0,16:58.0,1,0.83,10,10,88,J16W,18-72771-012             ,5,0.83,100
107377,2/13/2024,X95510,19:54.0,20:09.0,1,1.02,15,10,88,J16W,18-72771-010             ,5,1.25,122.55
107377,2/13/2024,X96993,17:45.0,31:45.0,1,4.65,108,10,88,J16W,03-44574-000             ,3,5.4,116.13
107377,2/14/2024,XA5434,10:05.0,01:24.0,1,4.27,72,10,88,J16W,18-67273-100             ,5,6,140.52
107377,2/14/2024,XA5500,30:00.0,20:00.0,1,1.83,20,10,88,J16W,18-74470-000             ,5,1.67,91.26
107377,2/14/2024,XA5688,27:27.0,30:17.0,1,0.05,1,10,88,J16W,18-67273-240             ,5,0.08,160
107377,2/16/2024,BP7404,30:07.0,59:38.0,1,1.95,57,20,88,J16W,18-44737-001             ,2.59,2.46,126.15
107377,2/16/2024,XA5500,30:42.0,18:07.0,1,1.8,32,10,88,J16W,18-74470-000             ,5,2.67,148.33
107377,2/16/2024,X97089,30:18.0,59:38.0,1,1.95,57,10,88,J16W,18-44737-002             ,0.5,0.48,24.62
107377,2/18/2024,X95618,41:44.0,58:33.0,1,2.28,20,30,88,J16W,18-71760-020             ,3.25,1.08,47.37
107377,2/19/2024,X84812,55:33.0,19:18.0,1,5.07,48,30,88,J16W,18-44668-004             ,5.5,4.4,86.79
107377,2/20/2024,XB2334,56:06.0,17:24.0,1,2.35,36,10,88,J16W,18-67273-111             ,5,3,127.66
107377,2/20/2024,X84812,10:47.0,56:49.0,1,3.52,38,30,88,J16W,18-44668-004             ,5.5,3.48,98.86
107377,2/23/2024,XA7557,25:46.0,16:11.0,1,4.52,121,20,88,J16W,04-35196-103             ,2,4.03,89.16
107377,2/23/2024,XB4929,13:06.0,16:49.0,1,0.05,1,20,88,J16W,A04-27869-016            ,5.1,0.09,180
107377,2/24/2024,XB2334,09:29.0,18:46.0,1,5.15,70,10,88,J16W,18-67273-111             ,5,5.83,113.2
107377,2/25/2024,BP7404,16:13.0,19:14.0,1,0.53,12,20,88,J16W,18-44737-001             ,2.59,0.52,98.11
107377,2/25/2024,X97089,16:23.0,19:14.0,1,0.53,12,10,88,J16W,18-44737-002             ,0.5,0.1,18.87
107377,2/28/2024,XA7713,35:45.0,01:30.0,1,3.17,78,40,88,J16W,22-74602-003             ,1.5,1.95,61.51
107377,2/28/2024,X80388,34:00.0,20:00.0,1,0.77,5,10,88,J16W,22-57164-010             ,5,0.42,54.55
107377,3/4/2024,X94777,14:26.0,05:25.0,1,2.6,164,30,88,J16W,18-74430-000             ,1,2.73,105
107377,3/5/2024,XB2335,23:52.0,20:30.0,1,6.37,83,10,88,J16W,18-67273-166             ,5,6.92,108.63
107377,3/6/2024,BQ1905,11:38.0,17:35.0,1,2.1,50,10,88,J16W,18-67526-040             ,2.5,2.08,99.05
107377,3/6/2024,XA0342,15:35.0,33:03.0,1,3.05,60,10,88,J16W,18-67526-060             ,3.5,3.5,114.75
107377,3/7/2024,X97116,40:00.0,29:00.0,1,2.57,27,30,88,J16W,18-71760-020             ,3.25,1.46,56.81
107377,3/8/2024,XB2335,11:00.0,18:17.0,1,6.53,139,10,88,J16W,18-67273-166             ,5,11.58,177.34
107377,3/9/2024,XB2335,00:18.0,24:48.0,1,1.4,18,10,88,J16W,18-67273-166             ,5,1.5,107.14
107377,3/11/2024,XA2290,59:35.0,21:55.0,1,5.78,66,10,88,J16W,F18-68687-006            ,5,5.5,95.16
107377,3/12/2024,XA8022,39:11.0,22:34.0,1,2.47,150,10,88,J16W,A18-66872-003            ,1,2.5,101.21
107377,3/12/2024,XB2335,07:09.0,24:40.0,1,3.07,42,10,88,J16W,18-67273-166             ,5,3.5,114.01
107377,3/13/2024,XB2337,40:00.0,20:00.0,1,7.08,100,10,88,J16W,18-67273-202             ,5,8.33,117.66
107377,3/14/2024,BP9739,40:00.0,16:35.0,1,3.01,100,20,88,J16W,18-44737-001             ,2.59,4.32,143.52
107377,3/14/2024,XA1422,40:00.0,20:00.0,1,3.08,100,10,88,J16W,18-44737-002             ,0.5,0.83,26.95
107377,3/16/2024,XA6757,10:00.0,43:00.0,1,4.55,78,10,88,J16W,18-67526-060             ,3.5,4.55,100
107377,3/20/2024,XA2264,12:13.0,15:15.0,1,0.05,1,30,88,J16W,18-44668-004             ,5.5,0.09,180
107377,3/21/2024,XA2264,27:00.0,20:00.0,1,1.88,16,30,88,J16W,18-44668-004             ,5.5,1.47,78.19
107377,3/22/2024,XB5838,12:47.0,22:22.0,1,0.92,10,10,88,J16W,22-57164-010             ,5,0.83,90.22
107377,3/22/2024,XB9056,55:22.0,18:04.0,1,0.38,5,10,88,J16W,18-67273-102             ,5,0.42,110.53
107377,3/22/2024,XB9058,25:43.0,04:59.0,1,0.65,8,10,88,J16W,18-67273-106             ,5,0.67,103.08
107377,3/22/2024,XB9059,05:14.0,14:37.0,1,0.15,2,10,88,J16W,18-67273-108             ,5,0.17,113.33
107377,3/22/2024,XB9061,43:00.0,20:00.0,1,0.62,6,10,88,J16W,18-67273-111             ,5,0.5,80.65
107377,3/22/2024,XB9063,14:53.0,08:02.0,1,0.77,12,10,88,J16W,18-67273-167             ,5,1,129.87
107377,3/25/2024,XB5838,47:53.0,27:11.0,1,1.67,17,10,88,J16W,22-57164-010             ,5,1.42,85.03
107377,4/2/2024,XB9058,11:49.0,17:50.0,1,1.1,14,10,88,J16W,18-67273-106             ,5,1.17,106.36
107377,4/8/2024,XB9058,10:13.0,26:01.0,1,0.27,5,10,88,J16W,18-67273-106             ,5,0.42,155.56
107377,4/8/2024,XB9059,26:28.0,47:52.0,1,0.35,5,10,88,J16W,18-67273-108             ,5,0.42,120
107377,4/8/2024,XB9061,06:37.0,19:41.0,1,0.98,10,10,88,J16W,18-67273-111             ,5,0.83,84.69
107377,4/8/2024,XB9062,50:04.0,09:49.0,1,0.32,4,10,88,J16W,18-67273-166             ,5,0.33,103.13
107377,4/8/2024,XB9065,35:00.0,20:00.0,1,0.75,8,10,88,J16W,18-67273-203             ,5,0.67,89.33
107377,4/9/2024,XA7686,54:00.0,20:00.0,1,5.85,310,30,88,J16W,18-74430-000             ,1,5.17,88.38
107377,4/11/2024,XB5855,08:49.0,27:04.0,1,2.07,53,40,88,J16W,22-74603-001             ,2.5,2.21,106.76
107377,4/11/2024,X96333,03:54.0,17:15.0,1,1.23,12,10,88,J16W,18-72771-011             ,5,1,81.3
107377,4/15/2024,X81342,06:00.0,20:00.0,1,5.65,70,10,88,J16W,22-78696-000             ,1.2,1.4,24.78
107377,4/19/2024,XA0066,00:07.0,35:11.0,1,3.25,40,10,88,J16W,18-72771-011             ,5,3.33,102.46
107377,4/19/2024,XA1468,19:29.0,56:07.0,1,1.37,18,10,88,J16W,18-72771-013             ,5,1.5,109.49
107377,4/22/2024,XA8403,24:36.0,19:04.0,1,3.58,60,10,88,J16W,18-67526-060             ,3.5,3.5,97.77
107377,4/23/2024,BQ8101,19:00.0,20:00.0,1,3,36,10,88,J16W,18-71533-002             ,5,3,100
107377,4/23/2024,XB6195,13:32.0,27:09.0,1,2.98,43,10,88,J16W,18-71533-000             ,5,3.58,120.13
107377,4/24/2024,XC2032,13:00.0,20:00.0,1,6.53,400,30,88,J16W,18-74430-000             ,1,6.67,102.14
107377,4/26/2024,XB9657,46:48.0,29:42.0,1,4.13,130,25,88,J16W,A03-43818-000            ,1.5,3.25,78.69
107377,4/29/2024,BR3391,10:00.0,04:22.0,1,2.26,55,10,88,J16W,03-44574-000             ,3,2.75,121.68
107377,4/29/2024,XB5853,27:00.0,20:00.0,1,1.88,70,30,88,J16W,22-74602-000             ,1,1.17,62.23
107377,4/29/2024,XB9657,34:30.0,28:20.0,1,1.33,66,25,88,J16W,A03-43818-000            ,1.5,1.65,124.06
107377,4/30/2024,XC0001,08:00.0,20:00.0,1,6.62,69,10,88,J16W,F18-68687-006            ,5,5.75,86.86
107377,5/1/2024,XC0001,07:13.0,19:12.0,1,1.2,18,10,88,J16W,F18-68687-006            ,5,1.5,125
107377,5/3/2024,XA7120,29:45.0,24:04.0,1,2.67,30,10,88,J16W,18-72771-013             ,5,2.5,93.63
107377,5/4/2024,XA1466,15:17.0,32:36.0,1,1.28,19,10,88,J16W,18-72771-011             ,5,1.58,123.44
107377,5/7/2024,BQ9629,14:01.0,19:25.0,1,2.75,58,30,88,J16W,15-31345-000             ,2,1.93,70.18
110420,8/27/2023,BO4050,40:00.0,10:00.0,2,1.5,45,25,88,J16W,12-28678-001             ,2,1.5,100
110420,8/28/2023,BO3593,40:00.0,45:00.0,2,1.08,7,30,88,J16W,18-71760-020             ,3.25,0.38,35.19
110420,8/29/2023,BO3377,10:00.0,20:00.0,2,1.58,35,20,88,J16W,18-44737-001             ,2.59,1.51,95.57
110420,8/29/2023,BO3377,00:00.0,20:00.0,2,2.67,70,20,88,J16W,18-44737-001             ,2.59,3.02,113.11
110420,8/29/2023,BO3378,10:00.0,20:00.0,2,1.58,35,20,88,J16W,18-44737-000             ,2.59,1.51,95.57
110420,8/29/2023,BO3378,00:00.0,20:00.0,2,2.67,70,20,88,J16W,18-44737-000             ,2.59,3.02,113.11
110420,8/30/2023,BO3377,45:07.0,21:05.0,2,1.8,50,20,88,J16W,18-44737-001             ,2.59,2.16,120
110420,8/30/2023,BO3377,40:00.0,20:00.0,2,3.84,95,20,88,J16W,18-44737-001             ,2.59,4.1,106.77
110420,8/30/2023,BO3378,45:21.0,21:05.0,2,1.8,50,20,88,J16W,18-44737-000             ,2.59,2.16,120
110420,8/30/2023,BO3378,40:00.0,20:00.0,2,3.84,95,20,88,J16W,18-44737-000             ,2.59,4.1,106.77
110420,9/2/2023,X65631,48:21.0,02:32.0,2,4.23,92,40,88,J16W,22-74602-003             ,1.5,2.3,54.37
110420,9/4/2023,BO5517,40:17.0,21:24.0,2,5.68,152,10,88,J16W,18-44737-002             ,0.5,1.27,22.36
110420,9/5/2023,X66513,38:29.0,20:45.0,2,0.7,14,10,88,J16W,18-72771-013             ,5,1.17,167.14
110420,9/5/2023,X66513,40:24.0,20:06.0,2,7.66,92,10,88,J16W,18-72771-013             ,5,7.67,100.13
110420,9/6/2023,X66512,43:18.0,15:34.0,2,2.53,31,10,88,J16W,18-72771-011             ,5,2.58,101.98
110420,9/9/2023,BO4704,55:00.0,05:00.0,2,1.17,65,10,88,J16W,22-78118-010             ,1,1.08,92.31
110420,9/11/2023,X71779,40:00.0,20:00.0,2,7.08,100,10,88,J16W,18-67273-202             ,5,8.33,117.66
110420,9/12/2023,X71771,40:00.0,00:00.0,2,5.75,85,10,88,J16W,18-67273-100             ,5,7.08,123.13
110420,9/12/2023,X71772,00:00.0,20:00.0,2,1.33,25,10,88,J16W,18-67273-101             ,5,2.08,156.39
110420,9/12/2023,X71772,41:00.0,32:28.0,2,2.85,45,10,88,J16W,18-67273-101             ,5,3.75,131.58
110420,9/12/2023,X74293,56:33.0,20:44.0,2,0.4,4,10,88,J16W,18-71533-001             ,5,0.33,82.5
110420,9/13/2023,X73711,40:00.0,20:00.0,2,2.42,40,10,88,J16W,03-44574-000             ,3,2,82.64
110420,9/19/2023,X78348,00:00.0,20:00.0,2,1.33,12,10,88,J16W,18-74470-000             ,5,1,75.19
110420,9/20/2023,X78265,30:00.0,20:00.0,2,2.83,35,10,88,J16W,18-67273-100             ,5,2.92,103.18
110420,9/20/2023,X78265,43:26.0,20:21.0,2,3.61,65,10,88,J16W,18-67273-100             ,5,5.42,150.14
110420,9/20/2023,X78348,40:00.0,30:00.0,2,4.25,65,10,88,J16W,18-74470-000             ,5,5.42,127.53
110420,9/21/2023,X58645,40:00.0,21:21.0,2,6.1,178,40,88,J16W,22-74603-001             ,2.5,7.42,121.64
110420,9/22/2023,BP1044,22:22.0,03:06.0,2,0.68,10,10,88,J16W,18-71533-002             ,5,0.83,122.06
110420,9/22/2023,X73625,40:11.0,52:15.0,2,1.2,12,10,88,J16W,18-71533-000             ,5,1,83.33
110420,9/22/2023,X74572,25:57.0,20:37.0,2,0.92,27,10,88,J16W,03-44574-000             ,3,1.35,146.74
110420,9/22/2023,X78306,10:00.0,20:00.0,2,6.58,68,10,88,J16W,18-69349-004             ,5,5.67,86.17
110420,9/23/2023,X60207,10:00.0,20:00.0,2,4.17,70,10,88,J16W,18-67526-030             ,3,3.5,83.93
110420,9/23/2023,X65760,40:00.0,40:00.0,2,3,67,25,88,J16W,A03-43818-000            ,1.5,1.68,56
110420,9/25/2023,BO7926,40:00.0,30:00.0,2,1.5,39,25,88,J16W,12-28678-001             ,2,1.3,86.67
110420,9/26/2023,X78273,00:00.0,20:00.0,2,5.75,102,10,88,J16W,18-67273-202             ,5,8.5,147.83
110420,9/26/2023,X78273,57:10.0,21:22.0,2,3.4,56,10,88,J16W,18-67273-202             ,5,4.67,137.35
110420,9/26/2023,X78285,10:00.0,00:00.0,2,0.83,8,10,88,J16W,18-67273-230             ,5,0.67,80.72
110420,9/27/2023,X78273,40:00.0,20:00.0,2,7.08,110,10,88,J16W,18-67273-202             ,5,9.17,129.52
110420,9/27/2023,X78273,43:00.0,20:58.0,2,3.61,60,10,88,J16W,18-67273-202             ,5,5,138.5
110420,9/28/2023,X78267,40:00.0,55:00.0,2,0.25,3,10,88,J16W,18-67273-102             ,5,0.25,100
110420,9/28/2023,X78269,55:00.0,05:00.0,2,0.17,2,10,88,J16W,18-67273-106             ,5,0.17,100
110420,9/28/2023,X78273,05:00.0,30:00.0,2,0.42,5,10,88,J16W,18-67273-202             ,5,0.42,100
110420,9/28/2023,X78274,30:00.0,55:00.0,2,0.42,5,10,88,J16W,18-67273-203             ,5,0.42,100
110420,9/28/2023,X78276,55:00.0,00:00.0,2,0.08,1,10,88,J16W,18-67273-205             ,5,0.08,100
110420,9/28/2023,X78277,00:00.0,15:00.0,2,0.25,5,10,88,J16W,18-67273-206             ,3,0.25,100
110420,9/28/2023,X78281,15:00.0,20:00.0,2,0.08,1,10,88,J16W,18-67273-211             ,5,0.08,100
110420,9/28/2023,X78286,20:00.0,10:00.0,2,0.58,12,10,88,J16W,18-67273-231             ,4,0.8,137.93
110420,9/28/2023,X78288,10:00.0,20:00.0,2,0.17,2,10,88,J16W,18-67273-241             ,5,0.17,100
110420,9/28/2023,X80051,40:58.0,24:13.0,2,3.73,70,10,88,J16W,22-78696-000             ,1.2,1.4,37.53
110420,9/30/2023,X73146,40:00.0,20:00.0,2,4.67,46,10,88,J16W,18-72771-013             ,5,3.83,82.01
110420,10/3/2023,BP0081,19:32.0,20:08.0,2,1.01,72,10,88,J16W,22-78118-010             ,1,1.2,118.81
110420,10/3/2023,X66801,00:00.0,20:00.0,2,3,100,25,88,J16W,A03-43818-000            ,1.5,2.5,83.33
110420,10/3/2023,X66801,43:08.0,17:55.0,2,0.57,21,25,88,J16W,A03-43818-000            ,1.5,0.53,92.98
110420,10/4/2023,X78273,40:00.0,20:00.0,2,7.08,120,10,88,J16W,18-67273-202             ,5,10,141.24
110420,10/4/2023,X78273,40:00.0,20:00.0,2,3.66,60,10,88,J16W,18-67273-202             ,5,5,136.61
110420,10/5/2023,X78273,40:00.0,20:00.0,2,7.08,120,10,88,J16W,18-67273-202             ,5,10,141.24
110420,10/5/2023,X78273,45:10.0,24:13.0,2,3.65,57,10,88,J16W,18-67273-202             ,5,4.75,130.14
110420,10/6/2023,X78274,40:00.0,40:00.0,2,1,12,10,88,J16W,18-67273-203             ,5,1,100
110420,10/6/2023,X78277,40:00.0,10:00.0,2,0.5,10,10,88,J16W,18-67273-206             ,3,0.5,100
110420,10/6/2023,X78279,10:00.0,22:00.0,2,0.2,3,10,88,J16W,18-67273-208             ,4,0.2,100
110420,10/6/2023,X78280,22:00.0,12:00.0,2,0.58,10,10,88,J16W,18-67273-209             ,4,0.67,115.52
110420,10/6/2023,X78281,12:00.0,22:00.0,2,0.17,2,10,88,J16W,18-67273-211             ,5,0.17,100
110420,10/6/2023,X78283,22:00.0,32:00.0,2,0.17,2,10,88,J16W,18-67273-213             ,5,0.17,100
110420,10/6/2023,X78284,32:00.0,42:00.0,2,0.17,2,10,88,J16W,18-67273-217             ,5,0.17,100
110420,10/6/2023,X78285,42:00.0,10:00.0,2,0.47,5,10,88,J16W,18-67273-230             ,5,0.42,89.36
110420,10/6/2023,X78288,10:00.0,20:00.0,2,0.17,2,10,88,J16W,18-67273-241             ,5,0.17,100
110420,10/6/2023,X78289,20:00.0,00:00.0,2,0.67,8,10,88,J16W,18-67273-266             ,5,0.67,100
110420,10/8/2023,X73807,10:00.0,05:00.0,2,3.92,210,10,88,J16W,A18-66872-002            ,1,3.5,89.29
110420,10/8/2023,X79931,35:00.0,20:00.0,2,0.75,12,10,88,J16W,18-71533-000             ,5,1,133.33
110420,10/9/2023,X72421,40:00.0,20:00.0,2,7.08,92,30,88,J16W,18-44668-004             ,5.5,8.43,119.07
110420,10/10/2023,X72421,40:00.0,55:01.0,2,6.67,87,30,88,J16W,18-44668-004             ,5.5,7.98,119.64
110420,10/11/2023,X74474,45:00.0,20:00.0,2,1.58,18,10,88,J16W,18-72771-013             ,5,1.5,94.94
110420,10/12/2023,X74665,40:00.0,30:00.0,2,1.83,18,10,88,J16W,18-72771-010             ,5,1.5,81.97
110420,10/12/2023,X78273,00:00.0,20:00.0,2,5,82,10,88,J16W,18-67273-202             ,5,6.83,136.6
110420,10/13/2023,X71792,46:06.0,55:08.0,2,0.15,2,10,88,J16W,18-67273-241             ,5,0.17,113.33
110420,10/13/2023,X78267,40:00.0,00:00.0,2,1.33,20,10,88,J16W,18-67273-102             ,5,1.67,125.56
110420,10/13/2023,X78269,00:00.0,15:00.0,2,1,15,10,88,J16W,18-67273-106             ,5,1.25,125
110420,10/13/2023,X78270,15:00.0,50:00.0,2,0.58,5,10,88,J16W,18-67273-108             ,5,0.42,72.41
110420,10/13/2023,X78271,50:00.0,00:00.0,2,0.17,2,10,88,J16W,18-67273-109             ,5,0.17,100
110420,10/13/2023,X78272,00:00.0,10:00.0,2,0.17,2,10,88,J16W,18-67273-111             ,5,0.17,100
110420,10/13/2023,X78273,10:00.0,15:00.0,2,0.83,13,10,88,J16W,18-67273-202             ,5,1.08,130.12
110420,10/13/2023,X78274,30:00.0,20:00.0,2,1.83,25,10,88,J16W,18-67273-203             ,5,2.08,113.66
110420,10/13/2023,X78274,40:00.0,47:12.0,2,2.11,25,10,88,J16W,18-67273-203             ,5,2.08,98.58
110420,10/13/2023,X78276,15:00.0,30:00.0,2,1.17,15,10,88,J16W,18-67273-205             ,5,1.25,106.84
110420,10/13/2023,X78277,47:30.0,38:37.0,2,1.85,25,10,88,J16W,18-67273-206             ,3,1.25,67.57
110420,10/13/2023,X78279,39:07.0,51:46.0,2,0.2,2,10,88,J16W,18-67273-208             ,4,0.13,65
110420,10/13/2023,X78285,52:05.0,45:37.0,2,0.88,15,10,88,J16W,18-67273-230             ,5,1.25,142.05
110420,10/13/2023,X78289,55:33.0,01:06.0,2,0.1,2,10,88,J16W,18-67273-266             ,5,0.17,170
110420,10/13/2023,X78348,01:28.0,20:10.0,2,0.32,4,10,88,J16W,18-74470-000             ,5,0.33,103.13
110420,10/17/2023,X78748,40:00.0,50:00.0,2,2.75,30,10,88,J16W,18-71533-001             ,5,2.5,90.91
110420,10/17/2023,X84909,40:00.0,50:00.0,2,3.17,42,10,88,J16W,18-69349-004             ,5,3.5,110.41
110420,10/18/2023,X73657,40:00.0,30:00.0,2,2.58,70,40,88,J16W,22-74603-001             ,2.5,2.92,113.18
110420,10/18/2023,X74821,15:00.0,20:00.0,2,3.75,80,10,88,J16W,18-72771-011             ,5,6.67,177.87
110420,10/18/2023,X74822,30:00.0,20:00.0,2,2.83,28,10,88,J16W,18-72771-012             ,5,2.33,82.33
110420,10/19/2023,X84870,00:00.0,20:00.0,2,2.33,30,10,88,J16W,18-67273-202             ,5,2.5,107.3
110420,10/19/2023,X84870,40:00.0,20:00.0,2,7.08,120,10,88,J16W,18-67273-202             ,5,10,141.24
110420,10/20/2023,X84863,43:00.0,20:00.0,2,4.61,100,10,88,J16W,18-67273-101             ,5,8.33,180.69
110420,10/20/2023,X84870,40:00.0,43:18.0,2,3.05,55,10,88,J16W,18-67273-202             ,5,4.58,150.16
110420,10/22/2023,BO7291,40:00.0,20:00.0,2,2.83,55,20,88,J16W,18-44737-001             ,2.59,2.37,83.75
110420,10/22/2023,BO9091,40:00.0,20:00.0,2,2.83,55,10,88,J16W,18-44737-002             ,0.5,0.46,16.25
110420,10/23/2023,BO7291,40:00.0,20:00.0,2,3.54,105,20,88,J16W,18-44737-001             ,2.59,4.53,127.97
110420,10/23/2023,BO9091,40:00.0,20:00.0,2,3.54,105,10,88,J16W,18-44737-002             ,0.5,0.88,24.86
110420,10/24/2023,X72903,10:22.0,20:30.0,2,3.17,60,10,88,J16W,18-67526-030             ,3,3,94.64
110420,10/24/2023,X72903,40:00.0,20:00.0,2,6.92,120,10,88,J16W,18-67526-030             ,3,6,86.71
110420,10/25/2023,X75208,40:00.0,20:00.0,2,7.09,92,30,88,J16W,18-44668-004             ,5.5,8.43,118.9
110420,10/26/2023,X74653,40:00.0,20:00.0,2,3.67,50,10,88,J16W,18-68687-020             ,5,4.17,113.62
110420,10/26/2023,X75208,40:00.0,20:00.0,2,7.66,94,30,88,J16W,18-44668-004             ,5.5,8.62,112.53
110420,10/29/2023,X73998,40:00.0,20:50.0,2,5.67,66,10,88,J16W,F18-68687-006            ,5,5.5,97
110420,10/29/2023,X73998,40:00.0,00:00.0,2,3.33,40,10,88,J16W,F18-68687-006            ,5,3.33,100
110420,10/31/2023,BP0216,40:00.0,20:00.0,2,3.67,37,30,88,J16W,18-71760-020             ,3.25,2,54.5
110420,11/7/2023,BO9532,40:00.0,02:14.0,2,2.39,60,20,88,J16W,18-44737-001             ,2.59,2.59,108.37
110420,11/7/2023,BO9533,40:00.0,02:14.0,2,2.39,60,20,88,J16W,18-44737-000             ,2.59,2.59,108.37
110420,11/7/2023,BP3067,11:00.0,20:00.0,2,1.15,25,25,88,J16W,12-28678-000             ,2,0.83,72.17
110420,11/10/2023,X90435,40:00.0,20:00.0,2,7.08,101,10,88,J16W,18-67273-202             ,5,8.42,118.93
110420,11/13/2023,X90428,00:00.0,20:00.0,2,1.33,37,10,88,J16W,18-67273-101             ,5,3.08,231.58
110420,11/13/2023,X90435,40:00.0,00:00.0,2,5.75,93,10,88,J16W,18-67273-202             ,5,7.75,134.78
110420,11/14/2023,BO9532,00:00.0,20:00.0,2,1.51,45,20,88,J16W,18-44737-001             ,2.59,1.94,128.48
110420,11/14/2023,BO9533,00:00.0,20:00.0,2,1.51,45,20,88,J16W,18-44737-000             ,2.59,1.94,128.48
110420,11/14/2023,X90447,40:00.0,20:00.0,2,1.67,20,10,88,J16W,18-67273-230             ,5,1.67,100
110420,11/14/2023,X90448,20:00.0,40:00.0,2,0.17,5,10,88,J16W,18-67273-231             ,4,0.33,194.12
110420,11/14/2023,X90450,40:00.0,50:00.0,2,0.08,1,10,88,J16W,18-67273-241             ,5,0.08,100
110420,11/14/2023,X90451,50:00.0,30:00.0,2,0.67,10,10,88,J16W,18-67273-266             ,5,0.83,123.88
110420,11/14/2023,X90452,30:00.0,00:00.0,2,0.5,5,10,88,J16W,18-67273-267             ,5,0.42,84
110420,11/15/2023,X75325,00:00.0,56:27.0,2,5.35,194,25,88,J16W,A03-43818-000            ,1.5,4.85,90.65
110420,11/15/2023,X90430,10:00.0,35:00.0,2,0.42,2,10,88,J16W,18-67273-105             ,5,0.17,40.48
110420,11/16/2023,X79704,40:00.0,20:00.0,2,3.67,75,30,88,J16W,04-35196-103             ,2,2.5,68.12
110420,11/16/2023,X79704,40:00.0,24:24.0,2,3.48,61,30,88,J16W,04-35196-103             ,2,2.03,58.33
110420,11/16/2023,X85998,54:00.0,20:00.0,2,1.1,65,40,88,J16W,22-74602-003             ,1.5,1.63,148.18
110420,11/17/2023,BP6796,00:00.0,15:00.0,2,0.25,1,10,88,J16W,15-21110-000             ,4.6,0.08,32
110420,11/17/2023,X90435,14:31.0,20:20.0,2,6.52,125,10,88,J16W,18-67273-202             ,5,10.42,159.82
110420,11/18/2023,X93985,40:00.0,20:00.0,2,7.67,130,10,88,J16W,18-67273-202             ,5,10.83,141.2
110420,11/19/2023,X93977,40:00.0,20:00.0,2,5.67,75,10,88,J16W,18-67273-100             ,5,6.25,110.23
110420,11/27/2023,X75208,40:00.0,45:00.0,2,5.5,50,30,88,J16W,18-44668-004             ,5.5,4.58,83.27
110420,11/27/2023,X93985,10:00.0,20:00.0,2,1.17,25,10,88,J16W,18-67273-202             ,5,2.08,177.78
110420,11/28/2023,X93985,40:00.0,20:00.0,2,7.66,111,10,88,J16W,18-67273-202             ,5,9.25,120.76
110420,11/29/2023,X78681,45:00.0,20:00.0,2,3.25,140,25,88,J16W,A03-43818-000            ,1.5,3.5,107.69
110420,11/29/2023,X93978,40:00.0,19:00.0,2,2.4,40,10,88,J16W,18-67273-101             ,5,3.33,138.75
110420,12/1/2023,X80194,19:00.0,20:00.0,2,2.02,30,10,88,J16W,22-57164-010             ,5,2.5,123.76
110420,12/1/2023,X84860,30:11.0,45:59.0,2,3.67,210,10,88,J16W,A18-66872-002            ,1,3.5,95.37
110420,12/4/2023,X93985,00:00.0,20:00.0,2,5.75,110,10,88,J16W,18-67273-202             ,5,9.17,159.48
110420,12/4/2023,X93986,10:00.0,00:00.0,2,0.83,10,10,88,J16W,18-67273-203             ,5,0.83,100
110420,12/5/2023,X93985,30:00.0,20:00.0,2,4.5,127,10,88,J16W,18-67273-202             ,5,10.58,235.11
110420,12/5/2023,X93986,40:00.0,30:00.0,2,2.58,35,10,88,J16W,18-67273-203             ,5,2.92,113.18
110420,12/6/2023,X75208,40:00.0,20:00.0,2,7.08,90,30,88,J16W,18-44668-004             ,5.5,8.25,116.53
110420,12/7/2023,X81019,40:00.0,45:00.0,2,6.5,75,10,88,J16W,18-72771-013             ,5,6.25,96.15
110420,12/8/2023,BP3178,40:00.0,55:00.0,2,2.33,70,10,88,J16W,18-44737-002             ,0.5,0.58,24.89
110420,12/8/2023,BP3820,40:00.0,55:00.0,2,2.33,70,20,88,J16W,18-44737-001             ,2.59,3.02,129.61
110420,12/9/2023,X85964,48:35.0,53:23.0,2,7.08,564,30,88,J16W,18-74430-000             ,1,9.4,132.77
110420,12/10/2023,X81259,27:53.0,54:02.0,2,2.45,39,10,88,J16W,18-71533-001             ,5,3.25,132.65
110420,12/10/2023,X90455,40:00.0,24:18.0,2,5.48,84,10,88,J16W,18-67526-060             ,3.5,4.9,89.42
110420,12/10/2023,X93985,24:41.0,20:53.0,2,1.93,40,10,88,J16W,18-67273-202             ,5,3.33,172.54
110420,12/11/2023,X93978,40:00.0,00:00.0,2,4.75,60,10,88,J16W,18-67273-101             ,5,5,105.26
110420,12/11/2023,X93979,00:00.0,30:00.0,2,0.5,2,10,88,J16W,18-67273-102             ,5,0.17,34
110420,1/8/2024,BP9160,56:00.0,20:00.0,2,0.4,6,10,88,J16W,18-65698-000             ,1.5,0.15,37.5
110420,1/9/2024,BP4825,09:38.0,38:23.0,2,0.48,8,10,88,J16W,18-67526-050             ,3,0.4,83.33
111370,11/1/2023,X90427,17:00.0,20:00.0,1,6.47,100,10,88,J16W,18-67273-100             ,5,8.33,128.75
111370,11/7/2023,BO9532,15:27.0,19:59.0,1,3.24,90,20,88,J16W,18-44737-001             ,2.59,3.89,120.06
111370,11/7/2023,BO9533,15:48.0,19:59.0,1,3.24,90,20,88,J16W,18-44737-000             ,2.59,3.89,120.06
111370,11/21/2023,X79460,18:19.0,36:02.0,1,2.05,28,10,88,J16W,18-72771-010             ,5,2.33,113.66
111370,12/7/2023,X84947,26:23.0,21:00.0,1,2.92,35,10,88,J16W,18-72771-010             ,5,2.92,100
111370,12/11/2023,X93978,40:00.0,20:00.0,1,7.08,94,10,88,J16W,18-67273-101             ,5,7.83,110.59
111370,12/19/2023,BP3820,40:28.0,20:59.0,1,3.04,80,20,88,J16W,18-44737-001             ,2.59,3.45,113.49
111370,12/19/2023,X96653,40:51.0,20:59.0,1,3.04,80,10,88,J16W,18-44737-002             ,0.5,0.67,22.04
111370,1/2/2024,X85742,03:34.0,19:16.0,1,6.68,50,30,88,J16W,18-71760-020             ,3.25,2.71,40.57
111370,1/11/2024,X90726,14:00.0,20:00.0,1,6.51,500,30,88,J16W,18-74430-000             ,1,8.33,127.96
111370,1/30/2024,BP9707,45:47.0,04:55.0,1,0.32,12,25,88,J16W,12-28678-001             ,2,0.4,125
111370,2/20/2024,BP7404,40:00.0,29:00.0,1,1.82,45,20,88,J16W,18-44737-001             ,2.59,1.94,106.59
111370,2/20/2024,X97089,44:46.0,29:27.0,1,1.75,45,10,88,J16W,18-44737-002             ,0.5,0.38,21.71
111370,2/24/2024,XA1456,05:00.0,20:00.0,1,5.25,57,10,88,J16W,F18-68687-006            ,5,4.75,90.48
111370,2/26/2024,XA1734,33:08.0,40:09.0,1,3.53,184,25,88,J16W,A03-43818-000            ,1.5,4.6,130.31
111370,3/1/2024,XB2335,08:17.0,52:56.0,1,1.48,24,10,88,J16W,18-67273-166             ,5,2,135.14
111370,3/3/2024,BP9739,34:54.0,20:31.0,1,2.89,40,20,88,J16W,18-44737-001             ,2.59,1.73,59.86
111370,3/3/2024,XA1422,35:47.0,20:31.0,1,2.88,40,10,88,J16W,18-44737-002             ,0.5,0.33,11.46
111370,3/4/2024,BP9739,40:00.0,43:00.0,1,1.34,0,20,88,J16W,18-44737-001             ,2.59,0,0
111370,3/4/2024,BP9739,47:53.0,43:01.0,1,1.22,49,20,88,J16W,18-44737-001             ,2.59,2.12,173.77
111370,3/4/2024,XA1422,48:42.0,43:01.0,1,1.21,49,10,88,J16W,18-44737-002             ,0.5,0.41,33.88
111370,3/5/2024,X96952,35:00.0,20:00.0,1,1.75,16,30,88,J16W,18-44668-004             ,5.5,1.47,84
111370,3/6/2024,X96952,40:00.0,20:00.0,1,7.09,48,30,88,J16W,18-44668-004             ,5.5,4.4,62.06
111370,3/9/2024,BQ3308,42:17.0,02:56.0,1,2,50,10,88,J16W,18-71533-002             ,5,4.17,208.5
111370,3/9/2024,XA1458,33:09.0,22:48.0,1,1.82,30,10,88,J16W,18-71533-001             ,5,2.5,137.36
111370,3/11/2024,XA8674,10:00.0,59:00.0,1,3.57,184,25,88,J16W,A03-43818-000            ,1.5,4.6,128.85
111370,3/12/2024,XA8695,40:00.0,45:00.0,1,2.83,73,20,88,J16W,04-35196-103             ,2,2.43,85.87
111370,3/15/2024,X96844,09:37.0,19:20.0,1,6.58,480,30,88,J16W,18-74430-000             ,1,8,121.58
111370,3/19/2024,XA9197,08:08.0,18:36.0,1,6.58,78,10,88,J16W,F18-68687-006            ,5,6.5,98.78
111370,3/20/2024,XA9197,40:34.0,27:54.0,1,5.2,60,10,88,J16W,F18-68687-006            ,5,5,96.15
111370,3/23/2024,XA1474,14:35.0,20:42.0,1,7.1,480,30,88,J16W,18-74430-000             ,1,8,112.68
111370,3/24/2024,XA1474,36:47.0,16:47.0,1,5.67,356,30,88,J16W,18-74430-000             ,1,5.93,104.59
111370,3/25/2024,XA2264,00:00.0,20:00.0,1,2.33,25,30,88,J16W,18-44668-004             ,5.5,2.29,98.28
111370,3/26/2024,XA2264,40:00.0,39:00.0,1,2.73,20,30,88,J16W,18-44668-004             ,5.5,1.83,67.03
111370,3/28/2024,XA5952,08:56.0,03:26.0,1,2.67,37,10,88,J16W,18-71533-000             ,5,3.08,115.36
111370,4/2/2024,BR0361,13:22.0,35:03.0,3,0.37,8,20,88,J16W,22-74603-106             ,2.5,0.33,89.19
111370,4/15/2024,XC0256,38:59.0,16:58.0,3,6.05,75,10,88,J16W,22-57164-010             ,5,6.25,103.31
111370,4/17/2024,XC5097,08:32.0,21:54.0,3,4.63,26,10,88,J16W,18-69349-004             ,5,2.17,46.87
111370,4/20/2024,BQ8126,04:26.0,21:50.0,3,4.95,40,30,88,J16W,18-71760-020             ,3.25,2.17,43.84
111370,4/25/2024,XA0766,30:19.0,19:09.0,3,2.82,36,10,88,J16W,18-72771-011             ,5,3,106.38
111370,4/25/2024,XA6791,45:39.0,09:54.0,3,2.15,8,10,88,J16W,18-72771-013             ,5,0.67,31.16
111370,4/26/2024,BQ7444,38:26.0,16:27.0,3,0.32,10,10,88,J16W,18-72246-001             ,1,0.17,53.13
111370,4/26/2024,BQ7445,38:02.0,16:27.0,3,0.32,10,10,88,J16W,18-72246-002             ,1,0.17,53.13
111370,5/10/2024,XB3583,16:00.0,20:00.0,3,6.48,57,10,88,J16W,18-72771-013             ,5,4.75,73.3
111370,5/16/2024,BR2997,00:29.0,09:47.0,3,2.82,89,10,88,J16W,18-67526-040             ,2.5,3.71,131.56
111370,5/16/2024,XB5341,38:40.0,54:13.0,3,1.27,70,10,88,J16W,A18-66872-002            ,1,1.17,92.13
111370,5/18/2024,XC6847,43:04.0,25:40.0,3,4.7,39,10,88,J16W,18-72771-012             ,5,3.25,69.15
111370,5/23/2024,XB2415,20:32.0,56:47.0,3,3.35,35,10,88,J16W,18-72771-011             ,5,2.92,87.16
111370,6/3/2024,BR2400,47:45.0,19:11.0,3,4.2,75,25,88,J16W,12-28678-001             ,2,2.5,59.52
111370,6/10/2024,XB9796,07:56.0,18:50.0,3,4.85,75,10,88,J16W,18-68687-020             ,5,6.25,128.87
111370,6/13/2024,BR4259,41:06.0,45:18.0,3,2.82,46,25,88,J16W,12-28678-001             ,2,1.53,54.26
111370,6/14/2024,XD2305,23:40.0,20:37.0,3,2.7,45,10,88,J16W,18-72771-010             ,5,3.75,138.89
111370,6/15/2024,XC5521,27:08.0,23:06.0,3,1.93,101,25,88,J16W,A03-43818-000            ,1.5,2.53,131.09
111370,6/15/2024,XD2305,39:43.0,14:24.0,3,2.58,28,10,88,J16W,18-72771-010             ,5,2.33,90.31
111370,6/26/2024,BR5791,34:00.0,21:00.0,3,1.45,30,25,88,J16W,12-28678-001             ,2,1,68.97
111370,6/28/2024,XC7099,42:49.0,22:29.0,3,5.08,41,10,88,J16W,18-72771-013             ,5,3.42,67.32
111370,7/24/2024,XE4481,40:00.0,20:00.0,1,3.33,50,10,88,J16W,18-68687-020             ,5,4.17,125.23
111370,7/24/2024,XE4744,34:05.0,37:12.0,1,0.05,1,20,88,J16W,A04-27868-011            ,5.1,0.09,180
111370,7/24/2024,XE4745,37:45.0,40:28.0,1,0.05,1,20,88,J16W,A04-27869-016            ,5.1,0.09,180
111370,7/26/2024,XD7501,39:26.0,25:26.0,1,1.77,20,10,88,J16W,18-67526-060             ,3.5,1.17,66.1
111370,7/26/2024,XE5197,34:00.0,45:38.0,1,0.18,8,30,88,J16W,15-28332-000             ,2,0.27,150
111370,7/27/2024,BR9423,27:55.0,10:09.0,1,2.38,85,10,88,J16W,04-31977-000             ,1,1.42,59.66
111370,8/2/2024,XD7550,41:32.0,51:16.0,1,3.92,50,10,88,J16W,18-72771-010             ,5,4.17,106.38
111370,8/3/2024,XD7736,46:27.0,26:33.0,1,0.67,14,20,88,J16W,04-35196-103             ,2,0.47,70.15
111370,8/3/2024,XD8253,30:34.0,23:23.0,1,1.88,26,10,88,J16W,22-78696-000             ,1.2,0.52,27.66
111370,8/4/2024,XD4440,47:00.0,20:00.0,1,0.55,2,10,88,J16W,18-72771-013             ,5,0.17,30.91
111370,8/4/2024,XD8253,40:04.0,53:42.0,1,4.22,71,10,88,J16W,22-78696-000             ,1.2,1.42,33.65
119915,3/13/2024,BQ9267,40:00.0,21:00.0,3,4.43,121,210A,88,J16W,18-65989-001             ,1,2.02,45.6
119915,3/13/2024,BQ9267,10:00.0,30:00.0,3,1.33,120,210A,88,J16W,18-65989-001             ,1,2,150.38
119915,3/14/2024,BQ9267,30:00.0,30:00.0,3,7.42,0,210A,88,J16W,18-65989-001             ,1,0,0
119915,3/17/2024,BQ9267,55:00.0,20:00.0,3,5.42,218,210A,88,J16W,18-65989-001             ,1,3.63,66.97
119915,3/18/2024,BQ9267,49:42.0,07:30.0,3,6.72,258,210A,88,J16W,18-65989-001             ,1,4.3,63.99
122212,1/25/2024,XA5464,40:00.0,30:00.0,2,1.81,18,10,88,J16W,18-69349-004             ,5,1.5,82.87
122903,10/1/2023,X73146,27:24.0,01:00.0,3,2.57,0,10,88,J16W,18-72771-013             ,5,0,0
124705,8/28/2023,X66507,10:00.0,30:00.0,3,1,100,10,88,J16W,18-71533-001             ,5,8.33,833
124705,8/29/2023,BO3377,00:00.0,20:00.0,3,0.17,6,20,88,J16W,18-44737-001             ,2.59,0.26,152.94
124705,8/29/2023,BO3378,00:00.0,20:00.0,3,0.17,6,20,88,J16W,18-44737-000             ,2.59,0.26,152.94
124705,8/30/2023,BO3377,45:00.0,20:00.0,3,2.75,64,20,88,J16W,18-44737-001             ,2.59,2.76,100.36
124705,8/30/2023,BO3378,45:00.0,20:00.0,3,2.75,64,20,88,J16W,18-44737-000             ,2.59,2.76,100.36
124705,9/6/2023,X66512,00:00.0,20:00.0,3,6.33,108,10,88,J16W,18-72771-011             ,5,9,142.18
124705,9/14/2023,X71810,09:51.0,19:48.0,3,2.92,23,10,88,J16W,18-69349-004             ,5,1.92,65.75
124705,9/18/2023,X66506,10:00.0,00:00.0,1,2.58,42,10,88,J16W,F18-68687-006            ,5,3.5,135.66
124705,9/19/2023,X67903,25:00.0,35:00.0,1,1.08,23,10,88,J16W,18-72771-013             ,5,1.92,177.78
124705,9/21/2023,BP0644,16:00.0,20:00.0,1,0.07,1,10,88,J16W,18-67524-001             ,4,0.07,100
124705,9/22/2023,X72279,25:00.0,55:00.0,1,3.92,55,10,88,J16W,18-72771-012             ,5,4.58,116.84
124705,9/22/2023,X72597,40:00.0,20:00.0,1,1.67,23,10,88,J16W,18-72771-010             ,5,1.92,114.97
124705,9/25/2023,X67683,00:00.0,20:00.0,1,1.33,17,30,88,J16W,04-35196-103             ,2,0.57,42.86
124705,9/26/2023,BO4722,00:00.0,00:00.0,1,2.67,81,30,88,J16W,15-31345-000             ,2,2.7,101.12
127242,3/18/2024,XB9055,40:00.0,33:04.0,2,6.3,300,10,88,J16W,18-67273-101             ,5,25,396.83
133712,3/18/2024,XB9055,12:01.0,25:32.0,1,1.22,99,10,88,J16W,18-67273-101             ,5,8.25,676.23
133712,3/26/2024,XB9055,15:00.0,30:00.0,1,1.92,150,10,88,J16W,18-67273-101             ,1.2,3,156.25
133712,3/28/2024,XB9054,30:00.0,20:46.0,1,6.25,150,10,88,J16W,18-67273-100             ,1.2,3,48
133947,5/9/2024,XB9796,45:00.0,13:00.0,2,0.22,57,10,88,J16W,18-68687-020             ,5,4.75,2159.09
136172,10/9/2023,X72095,08:12.0,21:39.0,3,6.63,65,10,88,J16W,F18-68687-006            ,5,5.42,81.75
136172,10/10/2023,X72095,11:38.0,30:00.0,3,3.37,0,10,88,J16W,F18-68687-006            ,5,0,0
136172,10/11/2023,BO9091,48:20.0,20:57.0,3,1.27,27,10,88,J16W,18-44737-002             ,0.5,0.23,18.11
136172,10/12/2023,BO7291,41:49.0,21:30.0,3,2.01,84,20,88,J16W,18-44737-001             ,2.59,3.63,180.6
136172,10/12/2023,BO9091,41:29.0,21:30.0,3,2.01,84,10,88,J16W,18-44737-002             ,0.5,0.7,34.83
136172,10/18/2023,X74822,05:09.0,20:38.0,3,4,43,10,88,J16W,18-72771-012             ,5,3.58,89.5
136172,10/26/2023,X75208,02:07.0,22:15.0,3,5.75,52,30,88,J16W,18-44668-004             ,5.5,4.77,82.96
136172,10/27/2023,X75208,57:09.0,53:18.0,3,0.93,15,30,88,J16W,18-44668-004             ,5.5,1.38,148.39
136172,11/1/2023,X90428,11:42.0,59:53.0,3,5.22,100,10,88,J16W,18-67273-101             ,5,8.33,159.58
136172,11/1/2023,X90429,30:22.0,39:52.0,3,0.15,5,10,88,J16W,18-67273-102             ,5,0.42,280
136172,11/1/2023,X90431,10:24.0,20:02.0,3,0.17,15,10,88,J16W,18-67273-106             ,5,1.25,735.29
136172,11/3/2023,X90505,08:23.0,20:26.0,3,6.62,84,10,88,J16W,18-74470-000             ,5,7,105.74
136172,11/4/2023,BP3727,21:00.0,20:03.0,3,3.98,50,10,88,J16W,18-67526-060             ,3.5,2.92,73.37
136172,11/6/2023,X78344,31:53.0,29:45.0,3,4.38,65,10,88,J16W,18-72771-013             ,5,5.42,123.74
136172,11/8/2023,BP3067,59:50.0,25:31.0,3,0.43,20,25,88,J16W,12-28678-000             ,2,0.67,155.81
136172,11/9/2023,BP4780,17:43.0,29:41.0,3,0.2,0,30,88,J16W,15-31345-000             ,2,0,0
136172,11/9/2023,BP4780,11:24.0,20:15.0,3,0.15,15,30,88,J16W,15-31345-000             ,2,0.5,333.33
136172,11/17/2023,BP4052,11:16.0,25:47.0,3,0.23,6,20,88,J16W,22-74603-106             ,2.5,0.25,108.7
136172,11/21/2023,X79460,57:24.0,11:16.0,3,3.65,61,10,88,J16W,18-72771-010             ,5,5.08,139.18
136172,11/21/2023,X79460,38:24.0,23:28.0,3,1.74,1,10,88,J16W,18-72771-010             ,5,0.08,4.6
136172,11/21/2023,X79460,58:53.0,59:20.0,3,0.01,0,10,88,J16W,18-72771-010             ,5,0,0
136172,11/27/2023,BO8353,10:49.0,20:11.0,3,6.58,400,30,88,J16W,18-74430-000             ,1,6.67,101.37
136172,12/9/2023,X78301,15:17.0,25:10.0,3,5.58,70,10,88,J16W,F18-68687-006            ,5,5.83,104.48
136172,12/10/2023,X78301,13:35.0,20:58.0,3,4.78,62,10,88,J16W,F18-68687-006            ,5,5.17,108.16
136172,12/15/2023,BP0866,12:37.0,22:00.0,3,0.17,11,10,88,J16W,18-67524-001             ,4,0.73,429.41
136172,12/15/2023,X79687,14:44.0,40:47.0,3,2.18,131,25,88,J16W,A03-43818-000            ,1.5,3.28,150.46
136172,12/15/2023,X79687,33:11.0,20:14.0,3,0.78,60,25,88,J16W,A03-43818-000            ,1.5,1.5,192.31
136172,12/19/2023,BP3820,14:06.0,26:21.0,3,3.31,70,20,88,J16W,18-44737-001             ,2.59,3.02,91.24
136172,12/19/2023,X96653,13:48.0,26:21.0,3,3.33,70,10,88,J16W,18-44737-002             ,0.5,0.58,17.42
136172,12/20/2023,BP6512,52:20.0,29:34.0,3,1.28,34,25,88,J16W,12-28678-000             ,2,1.13,88.28
136172,12/20/2023,BP6512,47:20.0,21:55.0,3,0.57,32,25,88,J16W,12-28678-000             ,2,1.07,187.72
136172,1/2/2024,BP2823,45:47.0,15:46.0,3,2.92,33,10,88,J16W,18-71533-002             ,5,2.75,94.18
136172,1/2/2024,X85742,21:12.0,29:37.0,3,1.13,6,30,88,J16W,18-71760-020             ,3.25,0.33,29.2
136172,1/9/2024,X86375,29:52.0,58:16.0,3,2.15,39,10,88,J16W,18-71533-001             ,5,3.25,151.16
136172,1/10/2024,X90726,13:50.0,20:16.0,3,5.53,400,30,88,J16W,18-74430-000             ,1,6.67,120.61
136172,1/18/2024,BP7404,41:40.0,25:23.0,3,3.08,50,20,88,J16W,18-44737-001             ,2.59,2.16,70.13
136172,1/18/2024,X97089,42:00.0,25:23.0,3,3.07,50,10,88,J16W,18-44737-002             ,0.5,0.42,13.68
136172,1/20/2024,BQ0996,59:43.0,24:59.0,3,0.42,6,20,88,J16W,22-74603-106             ,2.5,0.25,59.52
136172,1/21/2024,X95071,47:45.0,19:04.0,3,2.53,54,10,88,J16W,03-44574-000             ,3,2.7,106.72
136172,1/30/2024,XA7881,32:18.0,19:51.0,3,0.78,11,10,88,J16W,18-72771-011             ,5,0.92,117.95
136172,2/2/2024,BP7404,42:39.0,23:19.0,3,3.34,57,20,88,J16W,18-44737-001             ,2.59,2.46,73.65
136172,2/2/2024,X97089,42:56.0,23:19.0,3,3.34,57,10,88,J16W,18-44737-002             ,0.5,0.48,14.37
136172,2/23/2024,XA1456,38:12.0,17:12.0,3,6.65,61,10,88,J16W,F18-68687-006            ,5,5.08,76.39
136301,8/26/2023,BO3593,10:19.0,49:02.0,3,2.65,38,30,88,J16W,18-71760-020             ,3.25,2.06,77.74
136301,8/28/2023,BO4050,35:00.0,46:00.0,3,0.18,12,25,88,J16W,12-28678-001             ,2,0.4,222.22
136301,8/28/2023,X53636,15:00.0,20:00.0,3,2.83,60,10,88,J16W,18-64537-002             ,4.4,4.4,155.48
136301,8/30/2023,X66246,58:47.0,21:30.0,3,3.13,36,10,88,J16W,18-68687-020             ,5,3,95.85
136301,8/30/2023,X66738,16:20.0,26:01.0,3,1.83,130,30,88,J16W,22-74602-000             ,1,2.17,118.58
136301,8/31/2023,X66246,10:00.0,20:00.0,3,6.58,89,10,88,J16W,18-68687-020             ,5,7.42,112.77
136301,9/2/2023,X71771,10:00.0,20:01.0,3,9.17,165,10,88,J16W,18-67273-100             ,5,13.75,149.95
136301,9/4/2023,X71773,17:50.0,35:00.0,3,0.3,5,10,88,J16W,18-67273-102             ,5,0.42,140
136301,9/4/2023,X71774,05:09.0,20:00.0,3,0.25,3,10,88,J16W,18-67273-105             ,5,0.25,100
136301,9/4/2023,X71775,50:00.0,15:00.0,3,0.42,5,10,88,J16W,18-67273-106             ,5,0.42,100
136301,9/4/2023,X71779,45:33.0,10:31.0,3,0.42,5,10,88,J16W,18-67273-202             ,5,0.42,100
136301,9/4/2023,X71780,41:03.0,20:04.0,3,1.65,15,10,88,J16W,18-67273-203             ,5,1.25,75.76
136301,9/5/2023,BO5517,11:57.0,23:26.0,3,2.62,96,10,88,J16W,18-44737-002             ,0.5,0.8,30.53
136301,9/7/2023,X66480,10:15.0,21:58.0,3,6.6,54,30,88,J16W,18-44668-004             ,5.5,4.95,75
136301,9/8/2023,X66338,10:09.0,03:11.0,3,0.94,100,10,88,J16W,A18-66872-003            ,1,1.67,177.66
136301,9/9/2023,X67578,58:46.0,23:55.0,3,4.83,70,10,88,J16W,18-72771-010             ,5,5.83,120.7
136301,9/12/2023,X71793,10:11.0,20:06.0,3,6.58,173,10,88,J16W,18-67273-266             ,5,14.42,219.15
136301,9/14/2023,X71810,15:53.0,20:00.0,3,1.08,17,10,88,J16W,18-69349-004             ,5,1.42,131.48
136301,9/18/2023,X66506,10:12.0,20:00.0,3,6.58,82,10,88,J16W,F18-68687-006            ,5,6.83,103.8
136301,9/19/2023,X67903,25:11.0,20:01.0,3,6.33,77,10,88,J16W,18-72771-013             ,5,6.42,101.42
136301,9/20/2023,X78348,40:36.0,30:50.0,3,3.5,174,10,88,J16W,18-74470-000             ,5,14.5,414.29
136301,9/22/2023,BO8416,16:29.0,43:14.0,3,1.12,45,10,88,J16W,18-67526-040             ,2.5,1.88,167.86
136301,9/22/2023,X72279,27:49.0,20:00.0,3,3.63,45,10,88,J16W,18-72771-012             ,5,3.75,103.31
136301,9/23/2023,X72597,13:06.0,34:14.0,3,3.02,67,10,88,J16W,18-72771-010             ,5,5.58,184.77
136301,9/23/2023,X75236,48:33.0,20:00.0,3,3.28,45,10,88,J16W,22-57164-010             ,5,3.75,114.33
136301,9/24/2023,X60207,10:10.0,10:15.0,3,3.67,80,10,88,J16W,18-67526-030             ,3,4,108.99
136301,9/25/2023,X53906,56:21.0,10:46.0,3,2.9,43,10,88,J16W,18-64537-002             ,4.4,3.15,108.62
136301,9/25/2023,X67683,59:17.0,23:04.0,3,2.4,59,30,88,J16W,04-35196-103             ,2,1.97,82.08
136301,9/26/2023,X67683,10:12.0,16:47.0,3,2.77,45,30,88,J16W,04-35196-103             ,2,1.5,54.15
104529,3/22/2024,XB9054,00:00.0,27:07.0,2,5.87,300,10,88,J16W,18-67273-100             ,1.2,6,102.21
104529,3/22/2024,XB9055,00:00.0,30:00.0,2,0.5,50,10,88,J16W,18-67273-101             ,5,4.17,834
104529,3/28/2024,XB9054,48:42.0,22:36.0,2,6.98,400,10,88,J16W,18-67273-100             ,1.2,8,114.61
104529,4/1/2024,XB9054,30:00.0,59:00.0,2,6.9,174,10,88,J16W,18-67273-100             ,1.2,3.48,50.43
136301,7/30/2025,XK7161,14:15.0,21:49.0,3,6.53,79,10,88,J16W,18-44668-004             ,5.5,7.24,110.87
105930,8/30/2023,X71771,00:00.0,20:00.0,1,2.33,50,10,88,J16W,18-67273-100             ,5,4.17,178.97
105930,8/30/2023,X71772,00:00.0,30:00.0,1,2.5,50,10,88,J16W,18-67273-101             ,5,4.17,166.8
105930,9/5/2023,X59036,15:00.0,20:00.0,1,4.75,80,10,88,J16W,18-64537-003             ,4.4,5.87,123.58
105930,9/6/2023,X59036,40:00.0,00:00.0,1,8.33,160,10,88,J16W,18-64537-003             ,4.4,11.73,140.82
105930,9/6/2023,X71771,30:00.0,20:00.0,1,0.83,12,10,88,J16W,18-67273-100             ,5,1,120.48
105930,9/7/2023,X71771,40:00.0,20:00.0,1,9.07,125,10,88,J16W,18-67273-100             ,5,10.42,114.88
105930,9/7/2023,X71775,25:00.0,40:00.0,1,0.13,7,10,88,J16W,18-67273-106             ,5,0.58,446.15
105930,9/7/2023,X71780,05:00.0,21:53.0,1,0.13,6,10,88,J16W,18-67273-203             ,5,0.5,384.62
105930,9/7/2023,X71781,40:00.0,56:19.0,1,0.13,5,10,88,J16W,18-67273-204             ,5,0.42,323.08
105930,9/7/2023,X71783,40:00.0,55:00.0,1,0.13,4,10,88,J16W,18-67273-206             ,3,0.2,153.85
105930,9/7/2023,X71785,55:00.0,05:00.0,1,0.08,4,10,88,J16W,18-67273-208             ,4,0.27,337.5
105930,9/8/2023,X71771,40:00.0,20:00.0,1,7.37,89,10,88,J16W,18-67273-100             ,5,7.42,100.68
105930,9/8/2023,X71772,20:00.0,20:00.0,1,1,25,10,88,J16W,18-67273-101             ,5,2.08,208
105930,9/8/2023,X71773,30:00.0,55:00.0,1,0.21,6,10,88,J16W,18-67273-102             ,5,0.5,238.1
105930,9/8/2023,X71774,14:00.0,40:00.0,1,0.22,6,10,88,J16W,18-67273-105             ,5,0.5,227.27
105930,9/8/2023,X71776,00:00.0,03:00.0,1,0.03,1,10,88,J16W,18-67273-108             ,5,0.08,266.67
105930,9/8/2023,X71777,43:00.0,50:00.0,1,0.06,1,10,88,J16W,18-67273-109             ,5,0.08,133.33
105930,9/8/2023,X71782,10:00.0,26:00.0,1,0.13,3,10,88,J16W,18-67273-205             ,5,0.25,192.31
105930,9/8/2023,X72490,50:00.0,00:00.0,1,0.08,2,10,88,J16W,18-67273-211             ,5,0.17,212.5
105930,9/9/2023,X71779,40:00.0,15:00.0,1,0.58,8,10,88,J16W,18-67273-202             ,5,0.67,115.52
105930,9/9/2023,X71784,15:00.0,25:00.0,1,0.17,2,10,88,J16W,18-67273-207             ,3,0.1,58.82
105930,9/9/2023,X71789,05:00.0,35:00.0,1,0.5,5,10,88,J16W,18-67273-230             ,5,0.42,84
105930,9/9/2023,X71790,45:00.0,30:00.0,1,0.75,12,10,88,J16W,18-67273-231             ,4,0.8,106.67
105930,9/9/2023,X71792,35:00.0,45:00.0,1,0.17,2,10,88,J16W,18-67273-241             ,5,0.17,100
105930,9/9/2023,X71793,30:00.0,40:00.0,1,0.17,2,10,88,J16W,18-67273-266             ,5,0.17,100
105930,9/9/2023,X71794,40:00.0,50:00.0,1,0.17,2,10,88,J16W,18-67273-267             ,5,0.17,100
105930,9/9/2023,X72526,25:00.0,45:00.0,1,0.33,5,10,88,J16W,18-67273-213             ,5,0.42,127.27
105930,9/14/2023,X59036,30:00.0,05:13.0,1,0.58,14,10,88,J16W,18-64537-003             ,4.4,1.03,177.59
105930,9/15/2023,X59036,10:00.0,20:00.0,1,8.58,166,10,88,J16W,18-64537-003             ,4.4,12.17,141.84
105930,9/16/2023,X59036,00:00.0,20:00.0,1,4.33,80,10,88,J16W,18-64537-003             ,4.4,5.87,135.57
105930,9/18/2023,X59036,40:00.0,10:15.0,1,2.5,40,10,88,J16W,18-64537-003             ,4.4,2.93,117.2
105930,9/19/2023,X78265,40:00.0,20:00.0,1,1.67,50,10,88,J16W,18-67273-100             ,5,4.17,249.7
105930,9/19/2023,X78266,40:00.0,20:00.0,1,1.67,50,10,88,J16W,18-67273-101             ,5,4.17,249.7
105930,9/20/2023,X78265,40:00.0,21:48.0,1,3.43,75,10,88,J16W,18-67273-100             ,5,6.25,182.22
105930,9/20/2023,X78266,40:00.0,40:00.0,1,2,30,10,88,J16W,18-67273-101             ,5,2.5,125
105930,9/21/2023,X78265,40:00.0,20:00.0,1,3.67,75,10,88,J16W,18-67273-100             ,5,6.25,170.3
105930,9/27/2023,X78265,38:00.0,20:00.0,1,3.7,75,10,88,J16W,18-67273-100             ,5,6.25,168.92
105930,9/27/2023,X78266,50:00.0,38:27.0,1,2.8,65,10,88,J16W,18-67273-101             ,5,5.42,193.57
105930,9/28/2023,X78265,40:00.0,20:00.0,1,9.08,180,10,88,J16W,18-67273-100             ,5,15,165.2
105930,9/29/2023,X60491,55:00.0,20:00.0,1,5.42,120,10,88,J16W,18-64537-003             ,4.4,8.8,162.36
105930,10/3/2023,X60491,45:00.0,20:00.0,1,3.25,60,10,88,J16W,18-64537-003             ,4.4,4.4,135.38
105930,10/4/2023,X60491,40:00.0,30:17.0,1,2.83,60,10,88,J16W,18-64537-003             ,4.4,4.4,155.48
105930,10/4/2023,X78265,30:00.0,20:00.0,1,2.63,50,10,88,J16W,18-67273-100             ,5,4.17,158.56
105930,10/4/2023,X78266,30:00.0,20:00.0,1,2.63,50,10,88,J16W,18-67273-101             ,5,4.17,158.56
105930,10/5/2023,X78265,40:00.0,20:00.0,1,6.33,115,10,88,J16W,18-67273-100             ,5,9.58,151.34
105930,10/5/2023,X78266,40:05.0,25:39.0,1,2.75,85,10,88,J16W,18-67273-101             ,5,7.08,257.45
105930,10/6/2023,X78265,40:00.0,00:00.0,1,8.75,200,10,88,J16W,18-67273-100             ,5,16.67,190.51
105930,10/9/2023,X66495,55:00.0,40:00.0,1,1.75,60,10,88,J16W,18-64537-003             ,4.4,4.4,251.43
105930,10/9/2023,X66495,29:00.0,20:00.0,1,1.85,30,10,88,J16W,18-64537-003             ,4.4,2.2,118.92
105930,10/10/2023,X66495,40:00.0,30:00.0,1,1.83,24,10,88,J16W,18-64537-003             ,4.4,1.76,96.17
105930,10/10/2023,X72095,00:00.0,30:00.0,1,3.5,41,10,88,J16W,F18-68687-006            ,5,3.42,97.71
105930,10/16/2023,X84862,40:00.0,20:00.0,1,4.66,100,10,88,J16W,18-67273-100             ,5,8.33,178.76
105930,10/16/2023,X84863,10:00.0,40:00.0,1,4.5,100,10,88,J16W,18-67273-101             ,5,8.33,185.11
105930,10/17/2023,BO2643,30:00.0,30:00.0,1,1,13,10,88,J16W,18-64537-006             ,5.38,1.17,117
105930,10/17/2023,X66495,45:00.0,20:00.0,1,1.58,30,10,88,J16W,18-64537-003             ,4.4,2.2,139.24
105930,10/17/2023,X84862,40:00.0,00:00.0,1,6.33,200,10,88,J16W,18-67273-100             ,5,16.67,263.35
105930,10/18/2023,X66495,40:00.0,30:00.0,1,3.83,91,10,88,J16W,18-64537-003             ,4.4,6.67,174.15
105930,10/23/2023,X84862,30:00.0,20:00.0,1,1.83,25,10,88,J16W,18-67273-100             ,5,2.08,113.66
105930,10/24/2023,X84862,40:00.0,20:00.0,1,9.08,225,10,88,J16W,18-67273-100             ,5,18.75,206.5
105930,10/25/2023,X84862,40:00.0,30:00.0,1,5.58,125,10,88,J16W,18-67273-100             ,5,10.42,186.74
105930,11/8/2023,X90427,00:00.0,20:00.0,1,3.33,50,10,88,J16W,18-67273-100             ,5,4.17,125.23
105930,11/9/2023,X90427,40:00.0,20:00.0,1,9.66,220,10,88,J16W,18-67273-100             ,5,18.33,189.75
105930,11/10/2023,X66495,45:00.0,20:00.0,1,2.58,40,10,88,J16W,18-64537-003             ,4.4,2.93,113.57
105930,11/13/2023,X66495,40:00.0,30:00.0,1,7.25,139,10,88,J16W,18-64537-003             ,4.4,10.19,140.55
105930,11/15/2023,X90427,15:00.0,20:00.0,1,2.08,50,10,88,J16W,18-67273-100             ,5,4.17,200.48
105930,11/15/2023,X90428,00:00.0,00:00.0,1,2,51,10,88,J16W,18-67273-101             ,5,4.25,212.5
105930,11/16/2023,X90427,40:00.0,20:00.0,1,8.08,150,10,88,J16W,18-67273-100             ,5,12.5,154.7
105930,11/17/2023,X60490,15:00.0,20:00.0,1,1.08,22,10,88,J16W,18-64537-002             ,4.4,1.61,149.07
105930,11/17/2023,X90427,00:00.0,25:08.0,1,4.17,100,10,88,J16W,18-67273-100             ,5,8.33,199.76
105930,11/17/2023,X90428,25:00.0,00:00.0,1,1.25,25,10,88,J16W,18-67273-101             ,5,2.08,166.4
105930,11/18/2023,X60490,40:00.0,30:00.0,1,4.25,99,10,88,J16W,18-64537-002             ,4.4,7.26,170.82
105930,11/18/2023,X74463,45:00.0,20:00.0,1,2.58,40,10,88,J16W,18-64537-003             ,4.4,2.93,113.57
105930,11/19/2023,X74463,40:00.0,20:00.0,1,5.67,80,10,88,J16W,18-64537-003             ,4.4,5.87,103.53
105930,11/20/2023,X93977,30:00.0,20:00.0,1,3.5,75,10,88,J16W,18-67273-100             ,5,6.25,178.57
105930,11/20/2023,X93978,40:00.0,30:00.0,1,5.58,150,10,88,J16W,18-67273-101             ,5,12.5,224.01
105930,11/21/2023,X93977,40:00.0,30:00.0,1,4.58,100,10,88,J16W,18-67273-100             ,5,8.33,181.88
105930,11/21/2023,X93986,00:00.0,30:00.0,1,1.17,25,10,88,J16W,18-67273-203             ,5,2.08,177.78
105930,11/29/2023,X93977,20:00.0,20:00.0,1,2,25,10,88,J16W,18-67273-100             ,5,2.08,104
105930,11/30/2023,X93977,40:00.0,20:00.0,1,9.08,200,10,88,J16W,18-67273-100             ,5,16.67,183.59
105930,12/1/2023,X93977,40:00.0,00:00.0,1,5.08,125,10,88,J16W,18-67273-100             ,5,10.42,205.12
105930,12/3/2023,X74463,55:00.0,20:00.0,1,5.42,80,10,88,J16W,18-64537-003             ,4.4,5.87,108.3
105930,12/4/2023,BP6035,00:00.0,20:00.0,1,0.33,4,10,88,J16W,18-64537-006             ,5.38,0.36,109.09
105930,12/4/2023,X74463,40:00.0,00:00.0,1,8.75,178,10,88,J16W,18-64537-003             ,4.4,13.05,149.14
105930,12/5/2023,X74463,40:00.0,30:00.0,1,1.83,40,10,88,J16W,18-64537-003             ,4.4,2.93,160.11
105930,12/6/2023,X93977,00:00.0,20:00.0,1,5.75,100,10,88,J16W,18-67273-100             ,5,8.33,144.87
105930,12/7/2023,X93977,40:00.0,20:00.0,1,5.42,97,10,88,J16W,18-67273-100             ,5,8.08,149.08
105930,12/8/2023,X93977,40:00.0,30:00.0,1,5.58,125,10,88,J16W,18-67273-100             ,5,10.42,186.74
105930,12/8/2023,X93978,30:00.0,20:00.0,1,3.5,90,10,88,J16W,18-67273-101             ,5,7.5,214.29
105930,12/13/2023,X93977,30:00.0,20:00.0,1,4.5,79,10,88,J16W,18-67273-100             ,5,6.58,146.22
105930,12/14/2023,BP9841,50:00.0,10:00.0,1,0.17,6,10,88,J16W,18-64537-006             ,5.38,0.54,317.65
105930,12/14/2023,X93977,40:00.0,30:00.0,1,2.83,50,10,88,J16W,18-67273-100             ,5,4.17,147.35
105930,12/14/2023,X93977,10:00.0,20:00.0,1,3,38,10,88,J16W,18-67273-100             ,5,3.17,105.67
105930,12/14/2023,X93979,05:00.0,25:00.0,1,1.08,20,10,88,J16W,18-67273-102             ,5,1.67,154.63
105930,12/14/2023,X93985,25:00.0,50:09.0,1,1.42,20,10,88,J16W,18-67273-202             ,5,1.67,117.61
105930,12/14/2023,X93988,30:00.0,05:14.0,1,0.58,11,10,88,J16W,18-67273-205             ,5,0.92,158.62
105930,12/15/2023,X93977,40:00.0,20:00.0,1,9.08,142,10,88,J16W,18-67273-100             ,5,11.83,130.29
105930,12/16/2023,X93978,40:00.0,20:00.0,1,9.08,124,10,88,J16W,18-67273-101             ,5,10.33,113.77
105930,12/17/2023,X99994,40:00.0,20:00.0,1,5.67,95,10,88,J16W,18-67273-101             ,5,7.92,139.68
105930,12/18/2023,X99993,40:00.0,00:00.0,1,5.08,100,10,88,J16W,18-67273-100             ,5,8.33,163.98
105930,12/20/2023,X99993,30:00.0,20:00.0,1,3.5,75,10,88,J16W,18-67273-100             ,5,6.25,178.57
105930,12/21/2023,X99993,40:00.0,20:00.0,1,9.08,207,10,88,J16W,18-67273-100             ,5,17.25,189.98
105930,12/22/2023,X80268,45:00.0,20:00.0,1,3.25,80,10,88,J16W,18-64537-003             ,4.4,5.87,180.62
105930,12/22/2023,X99993,40:00.0,30:00.0,1,5.58,158,10,88,J16W,18-67273-100             ,5,13.17,236.02
105930,12/26/2023,X80268,40:00.0,20:00.0,1,7.08,160,10,88,J16W,18-64537-003             ,4.4,11.73,165.68
105930,12/27/2023,X99993,10:00.0,20:00.0,1,2.17,50,10,88,J16W,18-67273-100             ,5,4.17,192.17
105930,12/27/2023,X99994,10:00.0,10:00.0,1,4.42,100,10,88,J16W,18-67273-101             ,5,8.33,188.46
105930,12/28/2023,X99994,40:00.0,00:00.0,1,2.08,50,10,88,J16W,18-67273-101             ,5,4.17,200.48
105930,1/4/2024,X99993,30:00.0,20:00.0,1,1.83,50,10,88,J16W,18-67273-100             ,5,4.17,227.87
105930,1/5/2024,X99993,40:00.0,30:00.0,1,6.25,200,10,88,J16W,18-67273-100             ,5,16.67,266.72
105930,1/5/2024,X99994,30:00.0,20:00.0,1,2.83,100,10,88,J16W,18-67273-101             ,5,8.33,294.35
105930,1/9/2024,X80268,40:00.0,20:00.0,1,4.67,120,10,88,J16W,18-64537-003             ,4.4,8.8,188.44
105930,1/10/2024,X80268,40:00.0,00:00.0,1,3.33,60,10,88,J16W,18-64537-003             ,4.4,4.4,132.13
105930,1/17/2024,X99993,00:00.0,20:00.0,1,5.75,75,10,88,J16W,18-67273-100             ,5,6.25,108.7
105930,1/17/2024,X99994,10:00.0,00:00.0,1,2.83,60,10,88,J16W,18-67273-101             ,5,5,176.68
105930,1/18/2024,X99993,40:00.0,20:00.0,1,9.08,235,10,88,J16W,18-67273-100             ,5,19.58,215.64
105930,1/22/2024,X81500,55:00.0,30:00.0,1,7,120,10,88,J16W,18-64537-003             ,4.4,8.8,125.71
105930,1/23/2024,X81500,40:00.0,30:00.0,1,7.25,140,10,88,J16W,18-64537-003             ,4.4,10.27,141.66
105930,1/24/2024,X81500,40:00.0,15:00.0,1,2.58,40,10,88,J16W,18-64537-003             ,4.4,2.93,113.57
105930,1/25/2024,XA5434,30:00.0,20:00.0,1,1.83,25,10,88,J16W,18-67273-100             ,5,2.08,113.66
105930,1/26/2024,XA5434,40:00.0,20:00.0,1,9.08,200,10,88,J16W,18-67273-100             ,5,16.67,183.59
105930,1/29/2024,X81500,30:00.0,20:00.0,1,6.25,140,10,88,J16W,18-64537-003             ,4.4,10.27,164.32
105930,1/30/2024,X81500,30:00.0,20:00.0,1,6.25,100,10,88,J16W,18-64537-003             ,4.4,7.33,117.28
105930,1/31/2024,XA5434,10:00.0,00:00.0,1,2.58,36,10,88,J16W,18-67273-100             ,5,3,116.28
105930,1/31/2024,XA5436,10:00.0,45:00.0,1,0.58,7,10,88,J16W,18-67273-102             ,5,0.58,100
105930,1/31/2024,XA5437,00:00.0,05:00.0,1,0.08,1,10,88,J16W,18-67273-105             ,5,0.08,100
105930,1/31/2024,XA5438,45:00.0,55:00.0,1,0.17,2,10,88,J16W,18-67273-106             ,5,0.17,100
105930,1/31/2024,XA5439,55:00.0,00:00.0,1,0.08,1,10,88,J16W,18-67273-108             ,5,0.08,100
105930,1/31/2024,XA5443,00:00.0,00:00.0,1,2,25,10,88,J16W,18-67273-203             ,5,2.08,104
105930,1/31/2024,XA5500,05:00.0,10:00.0,1,0.08,1,10,88,J16W,18-74470-000             ,5,0.08,100
105930,2/1/2024,XA5434,05:00.0,20:00.0,1,7.66,89,10,88,J16W,18-67273-100             ,5,7.42,96.87
105930,2/1/2024,XA5436,40:00.0,05:00.0,1,0.42,5,10,88,J16W,18-67273-102             ,5,0.42,100
105930,2/1/2024,XA5438,05:00.0,20:00.0,1,0.25,3,10,88,J16W,18-67273-106             ,5,0.25,100
105930,2/1/2024,XA5439,20:00.0,30:00.0,1,0.17,2,10,88,J16W,18-67273-108             ,5,0.17,100
105930,2/1/2024,XA5443,30:00.0,00:00.0,1,0.5,6,10,88,J16W,18-67273-203             ,5,0.5,100
105930,2/1/2024,XA5500,00:00.0,05:00.0,1,0.08,1,10,88,J16W,18-74470-000             ,5,0.08,100
105930,2/5/2024,XA5436,50:00.0,05:00.0,1,0.25,3,10,88,J16W,18-67273-102             ,5,0.25,100
105930,2/5/2024,XA5437,05:00.0,15:00.0,1,0.17,2,10,88,J16W,18-67273-105             ,5,0.17,100
105930,2/5/2024,XA5438,15:00.0,25:00.0,1,0.17,2,10,88,J16W,18-67273-106             ,5,0.17,100
105930,2/5/2024,XA5439,25:00.0,35:00.0,1,0.17,2,10,88,J16W,18-67273-108             ,5,0.17,100
105930,2/5/2024,XA5441,35:00.0,40:00.0,1,0.04,1,10,88,J16W,18-67273-111             ,5,0.08,200
105930,2/5/2024,XA5443,35:00.0,00:00.0,1,0.38,5,10,88,J16W,18-67273-203             ,5,0.42,110.53
105930,2/5/2024,XA5500,00:00.0,05:00.0,1,0.08,1,10,88,J16W,18-74470-000             ,5,0.08,100
105930,2/6/2024,XA5434,30:00.0,20:00.0,1,4.5,128,10,88,J16W,18-67273-100             ,5,10.67,237.11
105930,2/6/2024,XA5435,25:00.0,30:00.0,1,1.83,47,10,88,J16W,18-67273-101             ,5,3.92,214.21
105930,2/7/2024,XA5434,00:00.0,20:00.0,1,5.75,74,10,88,J16W,18-67273-100             ,5,6.17,107.3
105930,2/8/2024,XA5436,20:00.0,00:00.0,1,0.67,8,10,88,J16W,18-67273-102             ,5,0.67,100
105930,2/8/2024,XA5437,00:00.0,25:00.0,1,0.42,5,10,88,J16W,18-67273-105             ,5,0.42,100
105930,2/8/2024,XA5438,20:00.0,30:00.0,1,1.92,27,10,88,J16W,18-67273-106             ,5,2.25,117.19
105930,2/8/2024,XA5439,20:00.0,20:00.0,1,1,12,10,88,J16W,18-67273-108             ,5,1,100
105930,2/8/2024,XA5440,30:00.0,45:00.0,1,0.25,3,10,88,J16W,18-67273-109             ,5,0.25,100
105930,2/8/2024,XA5442,10:00.0,15:00.0,1,0.08,1,10,88,J16W,18-67273-202             ,5,0.08,100
105930,2/8/2024,XA5445,15:00.0,20:00.0,1,0.08,1,10,88,J16W,18-67273-205             ,5,0.08,100
105930,2/8/2024,XA5451,25:00.0,30:00.0,1,0.08,1,10,88,J16W,18-67273-230             ,5,0.08,100
105930,2/8/2024,XA5453,30:00.0,30:00.0,1,0.67,13,10,88,J16W,18-67273-267             ,5,1.08,161.19
105930,2/9/2024,XA5434,00:00.0,28:49.0,1,4.13,100,10,88,J16W,18-67273-100             ,5,8.33,201.69
105930,2/9/2024,XA5435,00:00.0,00:00.0,1,2.75,50,10,88,J16W,18-67273-101             ,5,4.17,151.64
105930,2/9/2024,XA5443,40:00.0,00:00.0,1,3.33,48,10,88,J16W,18-67273-203             ,5,4,120.12
105930,2/10/2024,XA5434,00:00.0,20:00.0,1,3,105,10,88,J16W,18-67273-100             ,5,8.75,291.67
105930,2/10/2024,XA5435,40:00.0,00:01.0,1,2.33,55,10,88,J16W,18-67273-101             ,5,4.58,196.57
105930,2/17/2024,BQ4310,10:00.0,20:00.0,1,1.17,36,25,88,J16W,12-28678-001             ,2,1.2,102.56
105930,2/20/2024,X66494,55:00.0,20:00.0,1,6.83,140,10,88,J16W,18-64537-002             ,4.4,10.27,150.37
105930,2/21/2024,X66494,40:00.0,30:00.0,1,3.58,52,10,88,J16W,18-64537-002             ,4.4,3.81,106.42
105930,2/22/2024,X66494,40:00.0,30:00.0,1,5.25,100,10,88,J16W,18-64537-002             ,4.4,7.33,139.62
105930,2/23/2024,X66494,40:00.0,40:00.0,1,4.42,68,10,88,J16W,18-64537-002             ,4.4,4.99,112.9
105930,2/26/2024,X90841,40:00.0,30:00.0,1,3.58,50,10,88,J16W,18-64537-003             ,4.4,3.67,102.51
105930,2/29/2024,XB2327,40:00.0,30:00.0,1,4.25,63,10,88,J16W,18-67273-100             ,5,5.25,123.53
105930,3/1/2024,XB2327,10:00.0,10:00.0,1,4.42,57,10,88,J16W,18-67273-100             ,5,4.75,107.47
105930,3/1/2024,XB2328,30:00.0,23:00.0,1,1.88,26,10,88,J16W,18-67273-101             ,5,2.17,115.43
105930,3/4/2024,X94405,40:00.0,30:00.0,1,2.58,40,10,88,J16W,18-64537-003             ,4.4,2.93,113.57
105930,3/6/2024,BQ6539,50:00.0,20:00.0,1,0.5,15,25,88,J16W,12-28678-001             ,2,0.5,100
105930,3/6/2024,XB2327,00:00.0,00:00.0,1,3.42,50,10,88,J16W,18-67273-100             ,5,4.17,121.93
105930,3/6/2024,XB2329,30:00.0,00:00.0,1,0.5,6,10,88,J16W,18-67273-102             ,5,0.5,100
105930,3/6/2024,XB2330,10:00.0,30:00.0,1,0.33,4,10,88,J16W,18-67273-105             ,5,0.33,100
105930,3/7/2024,BQ6539,30:00.0,20:00.0,1,1.83,58,25,88,J16W,12-28678-001             ,2,1.93,105.46
105930,3/8/2024,XB2327,15:00.0,50:00.0,1,5,100,10,88,J16W,18-67273-100             ,5,8.33,166.6
105930,3/8/2024,XB2329,55:00.0,10:00.0,1,0.25,7,10,88,J16W,18-67273-102             ,5,0.58,232
105930,3/8/2024,XB2330,10:00.0,15:00.0,1,0.08,2,10,88,J16W,18-67273-105             ,5,0.17,212.5
105930,3/8/2024,XB2331,50:00.0,20:00.0,1,1.5,20,10,88,J16W,18-67273-106             ,5,1.67,111.33
105930,3/11/2024,XA1445,40:00.0,20:00.0,1,7.08,90,10,88,J16W,18-64537-003             ,4.4,6.6,93.22
105930,3/12/2024,BQ9267,00:00.0,20:00.0,1,0.33,13,210A,88,J16W,18-65989-001             ,1,0.22,66.67
105930,3/12/2024,XA1445,40:00.0,00:00.0,1,5.75,90,10,88,J16W,18-64537-003             ,4.4,6.6,114.78
105930,3/14/2024,BQ9267,40:00.0,20:00.0,1,7.08,365,210A,88,J16W,18-65989-001             ,1,6.08,85.88
105930,3/15/2024,BQ9267,30:00.0,45:00.0,1,2.67,205,210A,88,J16W,18-65989-001             ,1,3.42,128.09
105930,3/15/2024,XB2328,15:00.0,20:00.0,1,2.08,29,10,88,J16W,18-67273-101             ,5,2.42,116.35
107377,5/8/2024,XC2227,07:00.0,20:00.0,1,6.63,450,30,88,J16W,18-74430-000             ,1,7.5,113.12
107377,5/9/2024,XC2227,39:38.0,20:17.0,1,7.1,480,30,88,J16W,18-74430-000             ,1,8,112.68
107377,5/10/2024,XA6789,33:46.0,21:53.0,1,4.47,55,10,88,J16W,18-72771-011             ,5,4.58,102.46
107377,5/10/2024,XC2227,11:49.0,51:18.0,1,1.42,90,30,88,J16W,18-74430-000             ,1,1.5,105.63
107377,5/11/2024,BQ9466,20:33.0,38:42.0,1,0.15,10,10,88,J16W,18-72246-001             ,1,0.17,113.33
107377,5/11/2024,BQ9467,20:46.0,38:42.0,1,0.15,10,10,88,J16W,18-72246-002             ,1,0.17,113.33
107377,5/11/2024,XB9674,53:31.0,15:27.0,1,2.03,58,20,88,J16W,04-35196-103             ,2,1.93,95.07
107377,5/13/2024,XA6705,14:24.0,22:09.0,1,3.03,25,30,88,J16W,18-44668-004             ,5.5,2.29,75.58
107377,5/14/2024,XA6705,40:00.0,20:00.0,1,7.08,63,30,88,J16W,18-44668-004             ,5.5,5.78,81.64
107377,5/15/2024,XC0254,10:17.0,11:59.0,1,1.02,17,10,88,J16W,18-71533-001             ,5,1.42,139.22
107377,5/16/2024,XC5074,09:25.0,33:21.0,1,2.15,27,10,88,J16W,18-67273-166             ,5,2.25,104.65
107377,5/20/2024,XC6061,05:00.0,20:00.0,1,5.67,67,10,88,J16W,F18-68687-006            ,5,5.58,98.41
107377,5/21/2024,XC6061,30:00.0,20:00.0,1,5.25,63,10,88,J16W,F18-68687-006            ,5,5.25,100
107377,5/22/2024,XD1438,37:12.0,21:12.0,1,3.4,42,10,88,J16W,18-67273-204             ,5,3.5,102.94
107377,5/24/2024,XB4349,09:27.0,56:29.0,1,2.53,120,10,88,J16W,A18-66872-003            ,1,2,79.05
107377,5/24/2024,XC2467,09:16.0,19:44.0,1,2.98,70,20,88,J16W,04-35196-103             ,2,2.33,78.19
107377,6/7/2024,XC6848,28:26.0,05:47.0,1,2.37,21,10,88,J16W,18-72771-013             ,5,1.75,73.84
107377,6/10/2024,XC2007,59:35.0,18:22.0,1,1.32,80,10,88,J16W,A18-66872-003            ,1,1.33,100.76
107377,6/10/2024,XC5450,41:52.0,16:43.0,1,4,210,10,88,J16W,A18-66872-002            ,1,3.5,87.5
107377,6/11/2024,XD1429,32:53.0,10:01.0,1,1.38,15,10,88,J16W,18-67273-102             ,5,1.25,90.58
107377,6/11/2024,XD1430,40:03.0,46:43.0,1,2.77,30,10,88,J16W,18-67273-105             ,5,2.5,90.25
107377,6/11/2024,XD1431,15:04.0,17:39.0,1,1.03,12,10,88,J16W,18-67273-106             ,5,1,97.09
107377,6/12/2024,XC1341,12:55.0,40:16.0,1,4.88,80,10,88,J16W,18-67526-060             ,3.5,4.67,95.7
107377,6/13/2024,XC5666,14:46.0,55:11.0,1,2.43,171,30,88,J16W,18-74430-000             ,1,2.85,117.28
107377,6/15/2024,BR7426,09:23.0,18:42.0,1,4.82,100,10,88,J16W,03-44574-000             ,3,5,103.73
107377,6/19/2024,XC7098,17:28.0,19:23.0,1,6.45,77,10,88,J16W,18-72771-012             ,5,6.42,99.53
107377,6/20/2024,BR2988,40:21.0,30:45.0,1,0.83,11,10,88,J16W,18-71533-002             ,5,0.92,110.84
107377,6/20/2024,XD7486,55:38.0,18:00.0,1,1.38,12,10,88,J16W,18-67273-105             ,5,1,72.46
107377,6/20/2024,XD7492,56:58.0,18:36.0,1,3.03,38,10,88,J16W,18-67273-202             ,5,3.17,104.62
107377,6/21/2024,BR6177,20:36.0,46:26.0,1,0.43,20,10,88,J16W,18-65698-000             ,1.5,0.5,116.28
107377,6/22/2024,XB5040,47:29.0,15:20.0,1,4.13,40,30,88,J16W,18-44668-004             ,5.5,3.67,88.86
107377,6/24/2024,XB5040,08:25.0,10:46.0,1,2.78,30,30,88,J16W,18-44668-004             ,5.5,2.75,98.92
107377,6/28/2024,XD7485,34:15.0,49:00.0,1,4.67,35,10,88,J16W,18-67273-102             ,5,2.92,62.53
107377,6/28/2024,XD7486,39:19.0,19:57.0,1,0.67,3,10,88,J16W,18-67273-105             ,5,0.25,37.31
107377,6/29/2024,XC8123,23:04.0,17:02.0,1,4.57,200,25,88,J16W,A03-43818-000            ,1.5,5,109.41
107377,7/8/2024,XD7485,13:02.0,08:27.0,1,0.92,10,10,88,J16W,18-67273-102             ,5,0.83,90.22
107377,7/8/2024,XD7486,11:08.0,19:05.0,1,1.13,15,10,88,J16W,18-67273-105             ,5,1.25,110.62
107377,7/8/2024,XD7487,42:50.0,43:33.0,1,1.68,30,10,88,J16W,18-67273-106             ,5,2.5,148.81
107377,7/8/2024,XD7488,43:00.0,20:00.0,1,1.62,15,10,88,J16W,18-67273-108             ,5,1.25,77.16
107377,7/9/2024,BR7632,30:40.0,13:19.0,1,5.13,73,25,88,J16W,12-28678-001             ,2,2.43,47.37
107377,7/10/2024,XC6443,11:31.0,03:46.0,1,2.62,35,10,88,J16W,18-71533-001             ,5,2.92,111.45
107377,7/10/2024,XC7073,41:00.0,20:00.0,1,3.32,50,10,88,J16W,18-67526-060             ,3.5,2.92,87.95
107377,7/11/2024,XD4224,30:43.0,30:51.0,1,4.42,70,10,88,J16W,22-78696-000             ,1.2,1.4,31.67
107377,7/11/2024,XD7485,15:07.0,17:53.0,1,1.03,12,10,88,J16W,18-67273-102             ,5,1,97.09
107377,7/15/2024,XC7816,30:21.0,49:58.0,1,5.73,67,10,88,J16W,18-72771-013             ,5,5.58,97.38
107377,7/16/2024,XD3584,28:27.0,04:55.0,1,3.28,55,10,88,J16W,18-72771-010             ,5,4.58,139.63
107377,7/22/2024,XD1899,30:00.0,20:00.0,1,6.25,88,10,88,J16W,18-72771-011             ,5,7.33,117.28
107377,7/23/2024,XD8417,09:00.0,20:00.0,1,6.6,95,10,88,J16W,F18-68687-006            ,5,7.92,120
107377,7/24/2024,XC8351,47:00.0,20:00.0,1,3.22,172,10,88,J16W,A18-66872-002            ,1,2.87,89.13
107377,7/25/2024,BS1553,55:14.0,14:55.0,1,0.32,8,30,88,J16W,15-28333-000             ,2,0.27,84.38
107377,7/25/2024,XC6467,54:00.0,20:00.0,1,1.43,10,10,88,J16W,22-57164-010             ,5,0.83,58.04
107377,7/26/2024,BR9305,19:32.0,48:12.0,1,5.9,43,25,88,J16W,12-28678-001             ,2,1.43,24.24
107377,7/27/2024,XC8336,06:00.0,20:00.0,1,2.9,33,30,88,J16W,18-44668-004             ,5.5,3.03,104.48
107377,7/28/2024,XC8336,51:00.0,30:00.0,1,5.65,60,30,88,J16W,18-44668-004             ,5.5,5.5,97.35
107377,7/30/2024,XC7810,07:00.0,20:00.0,1,6.63,80,10,88,J16W,18-71533-001             ,5,6.67,100.6
107377,7/31/2024,XE4194,06:00.0,30:00.0,1,3.41,74,10,88,J16W,F18-68687-006            ,5,6.17,180.94
107377,8/1/2024,XE3361,14:08.0,57:37.0,1,0.72,10,10,88,J16W,18-67273-106             ,5,0.83,115.28
107377,8/1/2024,XE3364,30:24.0,46:19.0,1,0.27,3,10,88,J16W,18-67273-111             ,5,0.25,92.59
107377,8/1/2024,XE3365,56:16.0,16:35.0,1,0.33,5,10,88,J16W,18-67273-203             ,5,0.42,127.27
107377,8/2/2024,XD2960,49:28.0,17:28.0,1,1.47,60,10,88,J16W,A18-66872-003            ,1,1,68.03
107377,8/2/2024,XD3423,17:52.0,20:08.0,1,1.8,20,10,88,J16W,18-72771-013             ,5,1.67,92.78
107377,8/4/2024,XC7107,00:00.0,20:00.0,1,5.33,320,30,88,J16W,18-74430-000             ,1,5.33,100
107377,8/5/2024,XD2769,32:02.0,25:16.0,1,2.63,35,10,88,J16W,18-72771-011             ,5,2.92,111.03
107377,8/8/2024,XE3359,29:00.0,20:00.0,1,1.85,21,10,88,J16W,18-67273-102             ,5,1.75,94.59
107377,8/8/2024,XE3360,53:55.0,59:58.0,1,0.1,1,10,88,J16W,18-67273-105             ,5,0.08,80
107377,8/9/2024,XE4194,13:51.0,22:30.0,1,6.57,65,10,88,J16W,F18-68687-006            ,5,5.42,82.5
107377,8/12/2024,XE0176,15:25.0,18:51.0,1,6.47,62,10,88,J16W,18-72771-010             ,5,5.17,79.91
107377,8/13/2024,XD8423,33:00.0,20:00.0,1,6.2,65,10,88,J16W,18-72771-013             ,5,5.42,87.42
107377,8/15/2024,XD7873,28:00.0,20:00.0,1,0.87,40,10,88,J16W,A18-66872-003            ,1,0.67,77.01
107377,8/15/2024,XE3359,13:51.0,39:20.0,1,0.43,5,10,88,J16W,18-67273-102             ,5,0.42,97.67
107377,8/15/2024,XE3360,17:08.0,02:31.0,1,0.5,5,10,88,J16W,18-67273-105             ,5,0.42,84
107377,8/15/2024,XE3362,30:26.0,43:57.0,1,0.22,3,10,88,J16W,18-67273-108             ,5,0.25,113.64
107377,8/15/2024,XE3363,14:30.0,24:00.0,1,0.17,2,10,88,J16W,18-67273-109             ,5,0.17,100
107377,8/15/2024,XE3366,49:06.0,04:01.0,1,0.18,2,10,88,J16W,18-67273-204             ,5,0.17,94.44
107377,8/15/2024,XE9613,59:23.0,13:04.0,1,0.23,4,10,88,J16W,18-67273-207             ,3,0.2,86.96
107377,8/16/2024,XD9841,12:19.0,32:26.0,1,0.33,6,10,88,J16W,18-72771-013             ,5,0.5,151.52
107377,8/17/2024,XD8641,07:49.0,05:21.0,1,4.63,64,10,88,J16W,18-72771-011             ,5,5.33,115.12
107377,8/19/2024,XE9608,54:40.0,09:41.0,1,0.25,4,10,88,J16W,18-67273-111             ,5,0.33,132
107377,8/21/2024,BS2203,07:50.0,54:41.0,1,0.57,5,10,88,J16W,A66-34768-000            ,5,0.42,73.68
107377,8/23/2024,XE9604,27:28.0,17:13.0,1,1.58,12,10,88,J16W,18-67273-105             ,5,1,63.29
107377,8/23/2024,XE9605,47:08.0,57:15.0,1,1.17,15,10,88,J16W,18-67273-106             ,5,1.25,106.84
107377,8/23/2024,XE9607,00:11.0,13:59.0,1,0.22,3,10,88,J16W,18-67273-109             ,5,0.25,113.64
107377,8/26/2024,BS3213,05:00.0,20:00.0,1,2.25,20,10,88,J16W,18-44668-004             ,5.5,1.83,81.33
107377,8/27/2024,BS3213,12:00.0,20:00.0,1,6.55,70,10,88,J16W,18-44668-004             ,5.5,6.42,98.02
107377,8/28/2024,XD8626,09:09.0,22:23.0,1,4.63,270,10,88,J16W,A18-66872-002            ,1,4.5,97.19
107377,9/6/2024,BS3338,30:45.0,29:21.0,1,2.65,60,10,88,J16W,18-67526-040             ,2.5,2.5,94.34
107377,9/9/2024,BS4729,30:25.0,49:36.0,1,0.98,60,10,88,J16W,04-31977-000             ,1,1,102.04
107377,9/9/2024,XD9927,09:43.0,23:45.0,1,1.98,25,10,88,J16W,18-71533-001             ,5,2.08,105.05
107377,9/10/2024,BS2015,08:38.0,20:15.0,1,5.62,75,10,88,J16W,18-64537-006             ,5.38,6.73,119.75
107377,9/11/2024,XE5847,56:55.0,29:26.0,1,1.3,14,10,88,J16W,18-72771-013             ,5,1.17,90
107377,9/11/2024,XE5847,17:00.0,20:00.0,1,3.72,36,10,88,J16W,18-72771-013             ,5,3,80.65
107377,9/13/2024,XE9603,19:56.0,53:09.0,1,0.57,7,10,88,J16W,18-67273-102             ,5,0.58,101.75
107377,9/13/2024,XE9604,58:43.0,26:56.0,1,0.47,5,10,88,J16W,18-67273-105             ,5,0.42,89.36
107377,9/13/2024,XE9605,25:35.0,59:59.0,1,1.23,15,10,88,J16W,18-67273-106             ,5,1.25,101.63
107377,9/13/2024,XE9606,32:04.0,56:44.0,1,0.4,5,10,88,J16W,18-67273-108             ,5,0.42,105
107377,9/14/2024,BR8198,59:22.0,15:25.0,1,4.93,67,30,88,J16W,18-71760-020             ,3.25,3.63,73.63
107377,9/16/2024,BR8198,10:54.0,59:37.0,1,0.82,15,30,88,J16W,18-71760-020             ,3.25,0.81,98.78
107377,9/16/2024,BS2953,59:03.0,48:40.0,1,2.48,54,10,88,J16W,03-44574-000             ,3,2.7,108.87
107377,9/20/2024,XE6286,06:14.0,15:59.0,1,3.82,17,10,88,J16W,F18-68687-006            ,5,1.42,37.17
107377,9/23/2024,XE6286,09:30.0,50:30.0,1,2.43,32,10,88,J16W,F18-68687-006            ,5,2.67,109.88
107377,9/24/2024,XE6508,31:00.0,20:00.0,1,6.23,68,10,88,J16W,18-72771-013             ,5,5.67,91.01
107377,9/25/2024,BS5482,02:12.0,29:58.0,1,0.45,20,10,88,J16W,18-65698-000             ,1.5,0.5,111.11
107377,9/26/2024,XE5601,30:05.0,24:45.0,1,5.32,56,10,88,J16W,18-72771-012             ,5,4.67,87.78
107377,9/27/2024,XE5853,09:17.0,21:37.0,1,6.62,460,30,88,J16W,18-74430-000             ,1,7.67,115.86
107377,9/28/2024,BS2879,08:52.0,17:04.0,1,7.15,117,25,88,J16W,12-28678-001             ,2,3.9,54.55
107377,9/30/2024,BS2879,11:07.0,01:37.0,1,0.83,27,25,88,J16W,12-28678-001             ,2,0.9,108.43
107377,9/30/2024,BS7704,13:03.0,18:24.0,1,4.75,110,10,88,J16W,03-44574-000             ,3,5.5,115.79
107377,10/1/2024,XF0358,35:00.0,20:00.0,1,3.42,24,10,88,J16W,18-44668-004             ,5.5,2.2,64.33
107377,10/3/2024,XF0145,45:33.0,21:10.0,1,1.6,20,10,88,J16W,18-72771-011             ,5,1.67,104.38
107377,10/4/2024,XE5718,08:31.0,12:07.0,1,1.07,53,25,88,J16W,A03-43818-000            ,1.5,1.33,124.3
107377,10/4/2024,XF5616,34:57.0,44:56.0,1,1.83,26,10,88,J16W,18-67273-102             ,5,2.17,118.58
107377,10/4/2024,XF5616,35:00.0,20:00.0,1,0.75,4,10,88,J16W,18-67273-102             ,5,0.33,44
107377,10/4/2024,XF5623,21:29.0,23:21.0,1,0.03,1,10,88,J16W,18-67273-205             ,5,0.08,266.67
107377,10/4/2024,XG1988,53:29.0,04:50.0,1,0.18,3,20,88,J16W,A04-27868-011            ,5.1,0.26,144.44
107377,11/20/2024,XF6278,25:19.0,19:34.0,1,6.32,65,10,88,J16W,18-72771-013             ,5,5.42,85.76
107377,11/21/2024,BS7575,47:04.0,22:08.0,1,1.25,50,30,88,J16W,22-52437-030             ,1.5,1.25,100
107377,11/21/2024,XF6309,58:01.0,19:45.0,1,1.35,60,30,88,J16W,22-74602-000             ,1,1,74.07
107377,11/22/2024,XG2319,09:04.0,15:34.0,1,6.52,80,10,88,J16W,F18-68687-006            ,5,6.67,102.3
107377,11/23/2024,XH1009,01:23.0,18:42.0,1,3.95,51,10,88,J16W,18-67273-102             ,5,4.25,107.59
107377,11/25/2024,XF6848,38:44.0,17:05.0,1,4.32,43,10,88,J16W,18-44668-004             ,5.5,3.94,91.2
107377,11/26/2024,XF7559,19:00.0,01:42.0,1,1.45,20,10,88,J16W,18-72771-011             ,5,1.67,115.17
107377,11/29/2024,BT1765,55:28.0,34:21.0,1,0.65,40,10,88,J16W,04-31977-000             ,1,0.67,103.08
107377,11/29/2024,XF7560,05:17.0,20:16.0,1,0.25,6,10,88,J16W,18-72771-013             ,5,0.5,200
107377,11/29/2024,XF7560,57:39.0,58:52.0,1,1.68,20,10,88,J16W,18-72771-013             ,5,1.67,99.4
107377,12/3/2024,XH1009,53:26.0,40:55.0,1,0.78,10,10,88,J16W,18-67273-102             ,5,0.83,106.41
107377,12/3/2024,XH1010,16:03.0,10:48.0,1,0.73,10,10,88,J16W,18-67273-105             ,5,0.83,113.7
107377,12/3/2024,XH1011,04:58.0,44:36.0,1,0.67,10,10,88,J16W,18-67273-106             ,5,0.83,123.88
107377,12/3/2024,XH1012,44:56.0,09:34.0,1,0.42,5,10,88,J16W,18-67273-108             ,5,0.42,100
107377,12/3/2024,XH1013,30:37.0,07:15.0,1,0.62,8,10,88,J16W,18-67273-109             ,5,0.67,108.06
107377,12/4/2024,BS9868,04:00.0,30:00.0,1,2.17,35,10,88,J16W,18-67526-040             ,2.5,1.46,67.28
107377,12/4/2024,XF2347,32:39.0,04:46.0,1,2.28,23,10,88,J16W,18-67526-060             ,3.5,1.34,58.77
107377,12/5/2024,XF7566,10:00.0,20:00.0,1,6.58,410,30,88,J16W,18-74430-000             ,1,6.83,103.8
107377,12/6/2024,XG3182,08:00.0,30:00.0,1,5.78,60,10,88,J16W,18-72771-011             ,5,5,86.51
107377,12/7/2024,XG3005,25:00.0,20:00.0,1,4.58,25,10,88,J16W,18-72771-013             ,5,2.08,45.41
107377,12/9/2024,XG2598,20:00.0,16:00.0,1,4.6,48,10,88,J16W,18-72771-012             ,5,4,86.96
107377,12/10/2024,BT3368,48:00.0,20:00.0,1,0.17,0,10,88,J16W,15-21110-000             ,4.6,0,0
107377,12/10/2024,BT3368,48:49.0,52:10.0,1,0.03,2,10,88,J16W,15-21110-000             ,4.6,0.15,500
107377,12/11/2024,XF8263,06:01.0,29:35.0,1,3.13,37,10,88,J16W,18-44668-004             ,5.5,3.39,108.31
107377,12/13/2024,XH2311,22:51.0,01:19.0,1,0.65,13,10,88,J16W,18-67526-060             ,3.5,0.76,116.92
107377,12/15/2024,BT0684,03:00.0,20:00.0,1,4.95,80,10,88,J16W,03-44574-000             ,3,4,80.81
107377,12/16/2024,XF8499,36:20.0,24:59.0,1,0.8,11,10,88,J16W,18-71533-002             ,5,0.92,115
107377,12/19/2024,XH3142,11:00.0,20:00.0,1,6.57,47,10,88,J16W,18-67526-060             ,3.5,2.74,41.7
107377,12/21/2024,XH1301,27:14.0,14:28.0,1,4.45,50,10,88,J16W,18-72771-013             ,5,4.17,93.71
107377,12/22/2024,XH1065,52:38.0,20:06.0,1,1.47,15,10,88,J16W,18-72771-011             ,5,1.25,85.03
107377,1/22/2025,XG3493,10:01.0,28:39.0,1,1.3,12,10,88,J16W,18-44668-004             ,5.5,1.1,84.62
107377,1/24/2025,BS4636,21:37.0,00:10.0,1,2.4,24,30,88,J16W,18-71760-020             ,3.25,1.3,54.17
107377,1/24/2025,XI1802,16:32.0,17:09.0,1,2.95,16,10,88,J16W,18-67273-205             ,5,1.33,45.08
107377,1/25/2025,BT4051,44:54.0,13:01.0,1,1.48,12,10,88,J16W,03-44574-000             ,3,0.6,40.54
107377,1/28/2025,XH1437,07:00.0,20:00.0,1,6.63,74,10,88,J16W,F18-68687-006            ,5,6.17,93.06
107377,1/29/2025,XI1794,58:00.0,20:00.0,1,1.37,12,10,88,J16W,18-67273-102             ,5,1,72.99
107377,1/29/2025,XI1802,49:06.0,07:34.0,1,2.18,33,10,88,J16W,18-67273-205             ,5,2.75,126.15
107377,1/30/2025,XH2165,23:00.0,20:00.0,1,6.37,62,10,88,J16W,18-72771-012             ,5,5.17,81.16
107377,1/31/2025,XG3493,34:00.0,20:00.0,1,4.43,36,10,88,J16W,18-44668-004             ,5.5,3.3,74.49
107377,2/4/2025,BT3540,11:40.0,08:06.0,1,1.82,59,30,88,J16W,15-31345-000             ,2,1.97,108.24
107377,2/4/2025,XH2030,40:02.0,21:23.0,1,1.68,20,10,88,J16W,18-72771-010             ,5,1.67,99.4
107377,2/4/2025,XH2154,02:18.0,35:36.0,1,0.55,40,10,88,J16W,A18-66872-003            ,1,0.67,121.82
110420,1/9/2024,BP6438,36:49.0,01:25.0,2,1.42,42,10,88,J16W,18-67526-040             ,2.5,1.75,123.24
110420,1/9/2024,X90726,31:26.0,22:02.0,2,0.85,60,30,88,J16W,18-74430-000             ,1,1,117.65
110420,1/12/2024,X99993,40:43.0,19:54.0,2,1.65,18,10,88,J16W,18-67273-100             ,5,1.5,90.91
110420,1/12/2024,X99994,20:00.0,20:00.0,2,5.42,115,10,88,J16W,18-67273-101             ,5,9.58,176.75
110420,1/13/2024,X99993,43:40.0,12:24.0,2,3.48,50,10,88,J16W,18-67273-100             ,5,4.17,119.83
110420,1/13/2024,X99995,12:39.0,04:09.0,2,0.87,10,10,88,J16W,18-67273-102             ,5,0.83,95.4
110420,1/13/2024,X99996,04:22.0,28:55.0,2,0.4,5,10,88,J16W,18-67273-105             ,5,0.42,105
110420,1/13/2024,X99997,29:14.0,20:25.0,2,0.85,20,10,88,J16W,18-67273-106             ,5,1.67,196.47
110420,1/14/2024,XA0001,40:00.0,20:00.0,2,5.67,87,10,88,J16W,18-67273-202             ,5,7.25,127.87
110420,1/16/2024,XA0001,40:00.0,20:00.0,2,3.42,47,10,88,J16W,18-67273-202             ,5,3.92,114.62
110420,1/17/2024,BP4385,10:00.0,00:00.0,2,0.83,22,25,88,J16W,12-28678-001             ,2,0.73,87.95
110420,1/18/2024,XA0001,00:00.0,20:00.0,2,4,54,10,88,J16W,18-67273-202             ,5,4.5,112.5
110420,1/18/2024,XA0743,40:00.0,00:00.0,2,1.33,64,10,88,J16W,A18-66872-003            ,1,1.07,80.45
110420,1/19/2024,XA0001,40:00.0,20:00.0,2,7.08,120,10,88,J16W,18-67273-202             ,5,10,141.24
110420,1/21/2024,XA5442,40:00.0,15:56.0,2,4.58,59,10,88,J16W,18-67273-202             ,5,4.92,107.42
110420,1/21/2024,XA5442,55:05.0,20:23.0,2,5.42,72,10,88,J16W,18-67273-202             ,5,6,110.7
110420,1/22/2024,X94614,40:00.0,20:00.0,2,3.33,70,30,88,J16W,04-35196-103             ,2,2.33,69.97
110420,1/23/2024,X94293,15:00.0,15:00.0,2,0.75,37,25,88,J16W,A03-43818-000            ,1.5,0.93,124
110420,1/24/2024,X97109,42:00.0,20:00.0,2,0.63,15,10,88,J16W,F18-68687-006            ,5,1.25,198.41
110420,1/25/2024,XA5442,15:00.0,20:00.0,2,1.08,14,10,88,J16W,18-67273-202             ,5,1.17,108.33
110420,1/25/2024,XA5442,40:40.0,24:44.0,2,3.73,71,10,88,J16W,18-67273-202             ,5,5.92,158.71
110420,1/25/2024,X97109,40:00.0,00:00.0,2,4.08,58,10,88,J16W,F18-68687-006            ,5,4.83,118.38
110420,1/29/2024,X86829,40:00.0,50:00.0,2,6.58,82,10,88,J16W,18-72771-013             ,5,6.83,103.8
110420,2/8/2024,BQ3309,45:00.0,45:00.0,2,1,20,10,88,J16W,04-31977-000             ,1,0.33,33
110420,2/8/2024,X94409,27:30.0,21:54.0,2,3.9,86,10,88,J16W,18-67526-060             ,3.5,5.02,128.72
110420,2/9/2024,X94770,25:00.0,20:00.0,2,0.92,12,10,88,J16W,18-72771-011             ,5,1,108.7
110420,2/12/2024,X95000,40:00.0,20:00.0,2,7.08,90,10,88,J16W,18-72771-012             ,5,7.5,105.93
110420,2/13/2024,XA5442,00:00.0,20:00.0,2,3,57,10,88,J16W,18-67273-202             ,5,4.75,158.33
110420,2/13/2024,X95510,40:00.0,00:00.0,2,3.08,45,10,88,J16W,18-72771-010             ,5,3.75,121.75
110420,2/14/2024,BP9092,51:00.0,20:00.0,2,0.48,20,10,88,J16W,18-67526-040             ,2.5,0.83,172.92
110420,2/14/2024,BQ0418,59:31.0,26:53.0,2,0.45,8,10,88,J16W,18-67524-001             ,4,0.53,117.78
110420,2/14/2024,BQ0827,57:49.0,53:15.0,2,1.6,38,25,88,J16W,12-28678-000             ,2,1.27,79.38
110420,2/14/2024,XA5435,40:00.0,37:00.0,2,2.7,37,10,88,J16W,18-67273-101             ,5,3.08,114.07
110420,2/15/2024,BP7404,43:00.0,20:00.0,2,0.31,18,20,88,J16W,18-44737-001             ,2.59,0.78,251.61
110420,2/15/2024,XA2284,06:00.0,43:00.0,2,2.28,110,10,88,J16W,A18-66872-003            ,1,1.83,80.26
110420,2/15/2024,XA6872,40:00.0,27:55.0,2,2.53,72,40,88,J16W,22-74603-001             ,2.5,3,118.58
110420,2/15/2024,X97089,43:00.0,20:00.0,2,0.31,18,10,88,J16W,18-44737-002             ,0.5,0.15,48.39
110420,2/16/2024,XA5442,40:00.0,20:00.0,2,7.08,120,10,88,J16W,18-67273-202             ,5,10,141.24
110420,2/16/2024,XA5442,45:21.0,22:49.0,2,4.62,70,10,88,J16W,18-67273-202             ,5,5.83,126.19
110420,2/16/2024,XA5500,23:03.0,20:22.0,2,0.95,10,10,88,J16W,18-74470-000             ,5,0.83,87.37
110420,2/17/2024,X95618,00:00.0,20:00.0,2,4.33,65,30,88,J16W,18-71760-020             ,3.25,3.52,81.29
110420,2/20/2024,XB2337,40:00.0,20:00.0,2,7.08,140,10,88,J16W,18-67273-202             ,5,11.67,164.83
110420,2/21/2024,XB2329,40:00.0,10:00.0,2,1.5,13,10,88,J16W,18-67273-102             ,5,1.08,72
110420,2/21/2024,XB2333,10:00.0,20:00.0,2,0.17,2,10,88,J16W,18-67273-109             ,5,0.17,100
110420,2/21/2024,XB2337,00:00.0,20:00.0,2,4,56,10,88,J16W,18-67273-202             ,5,4.67,116.75
110420,2/21/2024,XB2341,20:00.0,45:00.0,2,0.17,4,10,88,J16W,18-67273-208             ,4,0.27,158.82
110420,2/21/2024,XB2434,45:00.0,00:00.0,2,0.25,2,10,88,J16W,18-74470-000             ,5,0.17,68
110420,2/22/2024,XA0759,25:00.0,52:10.0,2,3.12,52,10,88,J16W,18-71533-001             ,5,4.33,138.78
110420,2/23/2024,BQ5618,55:50.0,36:41.0,2,3.35,67,25,88,J16W,12-28678-001             ,2,2.23,66.57
110420,2/23/2024,XA0758,30:19.0,22:31.0,2,1.87,76,10,88,J16W,18-71533-000             ,5,6.33,338.5
110420,2/23/2024,XA7557,44:38.0,14:18.0,2,1.5,24,20,88,J16W,04-35196-103             ,2,0.8,53.33
110420,2/24/2024,XB2337,46:51.0,58:39.0,2,2.87,42,10,88,J16W,18-67273-202             ,5,3.5,121.95
110420,2/25/2024,BP7404,40:00.0,50:00.0,2,3.17,75,20,88,J16W,18-44737-001             ,2.59,3.24,102.21
110420,2/25/2024,X97089,50:00.0,25:00.0,2,0.58,75,10,88,J16W,18-44737-002             ,0.5,0.63,108.62
110420,2/27/2024,BQ6547,50:00.0,30:00.0,2,2.33,104,30,88,J16W,15-31345-000             ,2,3.47,148.93
110420,2/27/2024,X96318,00:00.0,20:00.0,2,0.33,10,10,88,J16W,18-67526-060             ,3.5,0.58,175.76
110420,3/1/2024,XB2328,40:00.0,40:00.0,2,2.75,50,10,88,J16W,18-67273-101             ,5,4.17,151.64
110420,3/1/2024,XB2337,40:00.0,20:00.0,2,4.33,100,10,88,J16W,18-67273-202             ,5,8.33,192.38
110420,3/2/2024,XB2337,40:00.0,09:00.0,2,3.48,48,10,88,J16W,18-67273-202             ,5,4,114.94
110420,3/3/2024,X94777,40:00.0,20:00.0,2,5.67,420,30,88,J16W,18-74430-000             ,1,7,123.46
110420,3/4/2024,XB2337,30:00.0,20:00.0,2,6.25,150,10,88,J16W,18-67273-202             ,5,12.5,200
110420,3/4/2024,XB2337,51:47.0,20:31.0,2,3.48,53,10,88,J16W,18-67273-202             ,5,4.42,127.01
110420,3/5/2024,BQ2936,15:00.0,20:00.0,2,0.08,13,10,88,J16W,22-78118-010             ,1,0.22,275
110420,3/5/2024,XA0342,00:00.0,20:00.0,2,1.33,20,10,88,J16W,18-67526-060             ,3.5,1.17,87.97
110420,3/5/2024,XA0342,44:53.0,20:55.0,2,3.6,70,10,88,J16W,18-67526-060             ,3.5,4.08,113.33
110420,3/5/2024,XB2337,40:00.0,00:00.0,2,4.75,64,10,88,J16W,18-67273-202             ,5,5.33,112.21
110420,3/6/2024,BQ1905,40:00.0,29:34.0,2,5.23,142,10,88,J16W,18-67526-040             ,2.5,5.92,113.19
110420,3/6/2024,X97116,12:00.0,20:00.0,2,1.13,18,30,88,J16W,18-71760-020             ,3.25,0.98,86.73
110420,3/6/2024,X97116,51:48.0,25:19.0,2,3.57,45,30,88,J16W,18-71760-020             ,3.25,2.44,68.35
110420,3/7/2024,XB2337,45:55.0,21:16.0,2,1.6,42,10,88,J16W,18-67273-202             ,5,3.5,218.75
110420,3/11/2024,XA2290,40:00.0,20:00.0,2,7.08,87,10,88,J16W,F18-68687-006            ,5,7.25,102.4
110420,3/12/2024,XB2337,40:00.0,20:00.0,2,7.08,96,10,88,J16W,18-67273-202             ,5,8,112.99
110420,3/12/2024,XB2337,42:04.0,20:25.0,2,3.63,60,10,88,J16W,18-67273-202             ,5,5,137.74
110420,3/13/2024,BP9739,40:00.0,20:00.0,2,2.25,47,20,88,J16W,18-44737-001             ,2.59,2.03,90.22
110420,3/13/2024,XA1422,30:00.0,20:00.0,2,0.42,47,10,88,J16W,18-44737-002             ,0.5,0.39,92.86
110420,3/13/2024,XB2337,40:00.0,00:00.0,2,4.08,52,10,88,J16W,18-67273-202             ,5,4.33,106.13
110420,3/14/2024,BP9739,40:00.0,00:00.0,2,2.04,50,20,88,J16W,18-44737-001             ,2.59,2.16,105.88
110420,3/14/2024,XA1422,40:00.0,00:00.0,2,2.04,50,10,88,J16W,18-44737-002             ,0.5,0.42,20.59
110420,3/15/2024,XA6757,10:50.0,20:41.0,2,5.16,86,10,88,J16W,18-67526-060             ,3.5,5.02,97.29
110420,3/18/2024,XA6778,20:00.0,50:00.0,2,3.17,50,10,88,J16W,18-71533-001             ,5,4.17,131.55
110420,3/18/2024,XA9184,49:46.0,52:40.0,2,3.05,150,10,88,J16W,A18-66872-002            ,1,2.5,81.97
110420,3/18/2024,XB9061,20:00.0,50:21.0,2,0.5,5,10,88,J16W,18-67273-111             ,5,0.42,84
110420,3/18/2024,XB9064,50:00.0,50:00.0,2,1.75,15,10,88,J16W,18-67273-202             ,5,1.25,71.43
110420,3/19/2024,BQ5711,34:49.0,09:06.0,2,0.58,4,10,88,J16W,A03-34518-001            ,3.5,0.23,39.66
110420,3/19/2024,XA0603,06:57.0,20:57.0,2,1.23,50,10,88,J16W,03-44574-000             ,3,2.5,203.25
110420,3/20/2024,XA2264,40:00.0,20:00.0,2,7.08,78,30,88,J16W,18-44668-004             ,5.5,7.15,100.99
110420,3/20/2024,XA2264,40:00.0,29:00.0,2,1.82,17,30,88,J16W,18-44668-004             ,5.5,1.56,85.71
110420,3/21/2024,XA2264,40:00.0,20:00.0,2,7.08,80,30,88,J16W,18-44668-004             ,5.5,7.33,103.53
110420,3/21/2024,XA2264,41:36.0,21:28.0,2,3.67,42,30,88,J16W,18-44668-004             ,5.5,3.85,104.9
110420,3/22/2024,XB9061,40:00.0,10:00.0,2,1.5,14,10,88,J16W,18-67273-111             ,5,1.17,78
110420,3/24/2024,XB5838,32:06.0,20:18.0,2,1.8,38,10,88,J16W,22-57164-010             ,5,3.17,176.11
110420,3/25/2024,BQ5382,39:00.0,20:00.0,2,2.68,30,10,88,J16W,18-71533-002             ,5,2.5,93.28
110420,3/25/2024,BQ5382,43:27.0,14:02.0,2,2.51,31,10,88,J16W,18-71533-002             ,5,2.58,102.79
110420,3/25/2024,XA7118,49:43.0,20:58.0,2,4.52,50,10,88,J16W,18-71533-001             ,5,4.17,92.26
110420,3/26/2024,XB9056,46:21.0,25:35.0,2,0.65,7,10,88,J16W,18-67273-102             ,5,0.58,89.23
110420,3/26/2024,XB9058,25:54.0,43:24.0,2,1.3,10,10,88,J16W,18-67273-106             ,5,0.83,63.85
110420,3/26/2024,XB9061,43:40.0,22:05.0,2,0.65,15,10,88,J16W,18-67273-111             ,5,1.25,192.31
110420,3/26/2024,XB9064,20:00.0,20:00.0,2,2,28,10,88,J16W,18-67273-202             ,5,2.33,116.5
110420,3/26/2024,XB9066,22:30.0,34:24.0,2,0.2,1,10,88,J16W,18-67273-204             ,5,0.08,40
110420,3/26/2024,XB9070,34:43.0,20:45.0,2,0.77,12,10,88,J16W,18-67273-267             ,5,1,129.87
110420,3/27/2024,BQ9395,06:54.0,22:19.0,2,1.27,4,10,88,J16W,A66-34768-000            ,5,0.33,25.98
110420,3/27/2024,X97123,30:00.0,20:00.0,2,6.25,77,10,88,J16W,18-72771-012             ,5,6.42,102.72
110420,3/27/2024,X97123,41:25.0,54:34.0,2,2.22,28,10,88,J16W,18-72771-012             ,5,2.33,104.95
110420,4/1/2024,X97122,30:00.0,20:00.0,2,3.5,50,10,88,J16W,18-72771-010             ,5,4.17,119.14
110420,4/1/2024,X97122,40:00.0,20:00.0,2,3.66,55,10,88,J16W,18-72771-010             ,5,4.58,125.14
110420,4/2/2024,X94417,00:00.0,20:00.0,2,1.33,21,10,88,J16W,18-72771-011             ,5,1.75,131.58
110420,4/2/2024,X94417,46:59.0,21:57.0,2,3.58,50,10,88,J16W,18-72771-011             ,5,4.17,116.48
110420,4/3/2024,XB5899,40:00.0,40:00.0,2,3.58,110,20,88,J16W,04-35196-103             ,2,3.67,102.51
110420,4/4/2024,XB2904,40:00.0,05:12.0,2,4.83,147,25,88,J16W,A03-43818-000            ,1.5,3.68,76.19
110420,4/4/2024,X96334,50:00.0,20:00.0,2,1.5,35,10,88,J16W,18-72771-013             ,5,2.92,194.67
110420,4/4/2024,X96334,49:52.0,20:33.0,2,3.51,33,10,88,J16W,18-72771-013             ,5,2.75,78.35
110420,4/5/2024,XA1467,15:00.0,20:00.0,2,3,35,10,88,J16W,18-72771-012             ,5,2.92,97.33
110420,4/5/2024,XA1467,50:25.0,20:30.0,2,3.5,42,10,88,J16W,18-72771-012             ,5,3.5,100
110420,4/5/2024,X96334,40:00.0,30:00.0,2,3.58,35,10,88,J16W,18-72771-013             ,5,2.92,81.56
110420,4/6/2024,XA1467,40:00.0,43:53.0,2,3.05,28,10,88,J16W,18-72771-012             ,5,2.33,76.39
110420,4/6/2024,XB9064,42:00.0,20:00.0,2,1.63,20,10,88,J16W,18-67273-202             ,5,1.67,102.45
110420,4/8/2024,BR1676,00:00.0,15:00.0,2,0.25,3,10,88,J16W,A66-34768-000            ,5,0.25,100
110420,4/8/2024,XA7686,45:00.0,20:00.0,2,4.25,300,30,88,J16W,18-74430-000             ,1,5,117.65
110420,4/8/2024,XA7686,40:00.0,21:33.0,2,3.68,240,30,88,J16W,18-74430-000             ,1,4,108.7
110420,4/8/2024,XB9065,40:00.0,30:00.0,2,1.83,17,10,88,J16W,18-67273-203             ,5,1.42,77.6
110420,4/9/2024,XA7686,40:00.0,10:00.0,2,1.5,82,30,88,J16W,18-74430-000             ,1,1.37,91.33
110420,4/10/2024,XB5855,56:11.0,20:27.0,2,2.4,100,40,88,J16W,22-74603-001             ,2.5,4.17,173.75
110420,4/10/2024,XC6001,11:39.0,22:45.0,2,0.18,1,20,88,J16W,A04-27869-010            ,5.1,0.09,50
110420,4/11/2024,X96333,40:00.0,30:00.0,2,1.83,18,10,88,J16W,18-72771-011             ,5,1.5,81.97
110420,4/11/2024,X97124,15:00.0,58:21.0,2,3.38,40,10,88,J16W,18-72771-013             ,5,3.33,98.52
110420,4/12/2024,XB9064,40:00.0,00:00.0,2,4.75,54,10,88,J16W,18-67273-202             ,5,4.5,94.74
110420,4/12/2024,XB9065,00:00.0,35:00.0,2,1.58,25,10,88,J16W,18-67273-203             ,5,2.08,131.65
110420,4/13/2024,XB3391,14:00.0,20:00.0,2,3.1,90,25,88,J16W,A03-43818-000            ,1.5,2.25,72.58
110420,4/15/2024,BQ9895,00:00.0,30:00.0,2,0.17,20,10,88,J16W,22-78118-010             ,1,0.33,194.12
110420,4/15/2024,X81342,40:00.0,20:00.0,2,2.42,40,10,88,J16W,22-78696-000             ,1.2,0.8,33.06
110420,4/17/2024,XC5076,46:09.0,20:53.0,2,1.57,25,10,88,J16W,18-67273-202             ,5,2.08,132.48
110420,4/18/2024,BQ7077,20:00.0,45:00.0,2,4.08,30,10,88,J16W,18-67524-001             ,4,2,49.02
110420,4/18/2024,XA1468,40:00.0,21:48.0,2,3.68,35,10,88,J16W,18-72771-013             ,5,2.92,79.35
110420,4/18/2024,XC5068,40:00.0,05:00.0,2,0.42,5,10,88,J16W,18-67273-102             ,5,0.42,100
110420,4/18/2024,XC5070,05:00.0,20:00.0,2,0.25,3,10,88,J16W,18-67273-106             ,5,0.25,100
110420,4/18/2024,XC5071,20:00.0,30:00.0,2,0.17,2,10,88,J16W,18-67273-108             ,5,0.17,100
110420,4/18/2024,XC5077,30:00.0,45:00.0,2,1,15,10,88,J16W,18-67273-203             ,5,1.25,125
110420,4/18/2024,XC5078,45:00.0,50:00.0,2,0.08,1,10,88,J16W,18-67273-204             ,5,0.08,100
110420,4/19/2024,XB3995,40:00.0,50:00.0,2,6.58,70,10,88,J16W,18-72771-010             ,5,5.83,88.6
110420,4/22/2024,XA8403,40:00.0,50:00.0,2,6.58,107,10,88,J16W,18-67526-060             ,3.5,6.24,94.83
110420,4/22/2024,XB6195,32:58.0,21:07.0,2,0.82,12,10,88,J16W,18-71533-000             ,5,1,121.95
110420,4/22/2024,XC5074,40:00.0,00:48.0,2,0.33,3,10,88,J16W,18-67273-166             ,5,0.25,75.76
110420,4/22/2024,XC5076,04:32.0,04:33.0,2,1,17,10,88,J16W,18-67273-202             ,5,1.42,142
110420,4/22/2024,XC5077,01:09.0,04:13.0,2,3.05,20,10,88,J16W,18-67273-203             ,5,1.67,54.75
110420,4/23/2024,BQ8101,40:00.0,16:29.0,2,2.35,24,10,88,J16W,18-71533-002             ,5,2,85.11
110420,4/23/2024,XC2032,52:00.0,20:00.0,2,4.13,280,30,88,J16W,18-74430-000             ,1,4.67,113.08
110420,4/23/2024,XC2032,50:15.0,20:33.0,2,5.5,300,30,88,J16W,18-74430-000             ,1,5,90.91
110420,4/24/2024,XC2032,40:00.0,00:00.0,2,4.08,244,30,88,J16W,18-74430-000             ,1,4.07,99.75
110420,4/25/2024,XC6845,15:00.0,20:00.0,2,5.5,65,10,88,J16W,18-72771-010             ,5,5.42,98.55
110420,4/25/2024,XC6845,40:00.0,20:51.0,2,3.66,40,10,88,J16W,18-72771-010             ,5,3.33,90.98
110420,4/29/2024,XB5853,30:00.0,30:00.0,2,1.75,50,30,88,J16W,22-74602-000             ,1,0.83,47.43
110420,4/29/2024,XC0001,40:00.0,21:38.0,2,3.68,48,10,88,J16W,F18-68687-006            ,5,4,108.7
110420,4/29/2024,XC5076,00:00.0,00:00.0,2,0.67,12,10,88,J16W,18-67273-202             ,5,1,149.25
110420,5/7/2024,XB6196,00:00.0,20:00.0,2,3,42,10,88,J16W,18-71533-001             ,5,3.5,116.67
110420,5/7/2024,XB6196,40:00.0,32:36.0,2,1.86,8,10,88,J16W,18-71533-001             ,5,0.67,36.02
110420,5/7/2024,XC2227,08:32.0,20:37.0,2,1.2,112,30,88,J16W,18-74430-000             ,1,1.87,155.83
110420,5/8/2024,XC2227,40:00.0,20:00.0,2,7.08,450,30,88,J16W,18-74430-000             ,1,7.5,105.93
110420,5/8/2024,XC2227,43:35.0,20:37.0,2,3.61,210,30,88,J16W,18-74430-000             ,1,3.5,96.95
110420,5/9/2024,XC2227,25:51.0,20:42.0,2,2.91,180,30,88,J16W,18-74430-000             ,1,3,103.09
110420,5/10/2024,XA6789,40:00.0,59:27.0,2,1.32,15,10,88,J16W,18-72771-011             ,5,1.25,94.7
110420,5/10/2024,XA8571,10:00.0,20:00.0,2,4.83,60,10,88,J16W,18-72771-012             ,5,5,103.52
110420,5/11/2024,XB9674,41:46.0,59:14.0,2,2.3,33,20,88,J16W,04-35196-103             ,2,1.1,47.83
110420,5/11/2024,XC5074,51:27.0,09:33.0,2,0.3,3,10,88,J16W,18-67273-166             ,5,0.25,83.33
110420,5/11/2024,XC5076,03:00.0,20:00.0,2,1.28,20,10,88,J16W,18-67273-202             ,5,1.67,130.47
110420,5/11/2024,XC5077,09:51.0,33:39.0,2,0.4,5,10,88,J16W,18-67273-203             ,5,0.42,105
110420,5/11/2024,XC5081,34:02.0,03:30.0,2,0.48,3,10,88,J16W,18-67273-240             ,5,0.25,52.08
110420,5/13/2024,XA6705,50:00.0,20:00.0,2,5.92,70,30,88,J16W,18-44668-004             ,5.5,6.42,108.45
110420,5/13/2024,XA6705,40:00.0,22:11.0,2,3.7,35,30,88,J16W,18-44668-004             ,5.5,3.21,86.76
110420,5/14/2024,XA6705,40:00.0,50:00.0,2,6.58,75,30,88,J16W,18-44668-004             ,5.5,6.88,104.56
110420,5/14/2024,XC0254,30:20.0,21:49.0,2,0.85,18,10,88,J16W,18-71533-001             ,5,1.5,176.47
110420,5/15/2024,XB4728,13:00.0,20:00.0,2,5.53,62,10,88,J16W,18-72771-013             ,5,5.17,93.49
110420,5/15/2024,XB4728,40:00.0,21:15.0,2,3.68,39,10,88,J16W,18-72771-013             ,5,3.25,88.32
111370,8/5/2024,XD4440,40:31.0,55:08.0,1,5.67,45,10,88,J16W,18-72771-013             ,5,3.75,66.14
111370,8/6/2024,XE3381,40:00.0,20:00.0,1,7.08,40,10,88,J16W,18-69349-004             ,5,3.33,47.03
111370,8/7/2024,XE9819,10:25.0,10:00.0,1,1.75,60,20,88,J16W,04-35196-103             ,2,2,114.29
111370,8/9/2024,BS0633,40:00.0,12:00.0,1,3.28,58,25,88,J16W,12-28678-001             ,2,1.93,58.84
111370,8/9/2024,XD8703,51:22.0,22:40.0,1,1.52,24,10,88,J16W,22-78696-000             ,1.2,0.48,31.58
111370,8/10/2024,XD8703,44:17.0,33:03.0,1,1.82,32,10,88,J16W,22-78696-000             ,1.2,0.64,35.16
111370,8/13/2024,XE5246,39:00.0,30:00.0,1,1.58,0,10,88,J16W,18-68687-020             ,5,0,0
111370,8/13/2024,XE5246,39:57.0,57:05.0,1,1.03,30,10,88,J16W,18-68687-020             ,5,2.5,242.72
111370,8/15/2024,BS2405,00:00.0,20:00.0,1,1.33,41,10,88,J16W,04-31977-000             ,1,0.68,51.13
111370,8/16/2024,XD9360,39:34.0,58:33.0,1,2.07,35,10,88,J16W,22-78696-000             ,1.2,0.7,33.82
111370,8/16/2024,XD9841,45:00.0,20:00.0,1,4.25,45,10,88,J16W,18-72771-013             ,5,3.75,88.24
111370,8/26/2024,XC7823,32:00.0,20:00.0,1,6.22,460,30,88,J16W,18-74430-000             ,1,7.67,123.31
111370,8/27/2024,XC7823,38:42.0,19:05.0,1,7.1,408,30,88,J16W,18-74430-000             ,1,6.8,95.77
111370,8/28/2024,XD8220,41:54.0,14:28.0,1,4.97,69,10,88,J16W,18-67526-060             ,3.5,4.03,81.09
111370,8/29/2024,XE4496,20:00.0,20:00.0,1,5.42,55,10,88,J16W,18-72771-013             ,5,4.58,84.5
111370,8/29/2024,XF1530,32:06.0,39:52.0,1,0.12,1,20,88,J16W,A04-27869-007            ,5.1,0.09,75
111370,8/30/2024,XE4496,41:35.0,16:51.0,1,2.33,25,10,88,J16W,18-72771-013             ,5,2.08,89.27
111370,9/3/2024,XE4822,13:11.0,20:10.0,1,3.78,46,10,88,J16W,F18-68687-006            ,5,3.83,101.32
111370,9/4/2024,XE4822,40:00.0,20:00.0,1,7.08,86,10,88,J16W,F18-68687-006            ,5,7.17,101.27
111370,9/5/2024,XE0317,39:00.0,10:43.0,1,3.27,42,10,88,J16W,18-72771-011             ,5,3.5,107.03
111370,9/5/2024,XE3715,55:17.0,20:22.0,1,3.08,40,10,88,J16W,18-72771-012             ,5,3.33,108.12
111370,9/6/2024,XE3715,40:31.0,17:20.0,1,0.62,7,10,88,J16W,18-72771-012             ,5,0.58,93.55
111370,9/9/2024,XD2095,09:00.0,20:00.0,1,6.6,450,30,88,J16W,18-74430-000             ,1,7.5,113.64
111370,9/11/2024,XE4495,40:46.0,28:57.0,1,1.8,23,10,88,J16W,18-72771-011             ,5,1.92,106.67
111370,9/18/2024,XE4698,14:50.0,20:21.0,1,2.1,25,10,88,J16W,18-72771-012             ,5,2.08,99.05
111370,9/19/2024,XE5837,11:33.0,30:19.0,1,4.73,79,10,88,J16W,18-67526-060             ,3.5,4.61,97.46
111370,9/23/2024,XE9974,25:00.0,20:00.0,1,0.92,12,10,88,J16W,18-72771-010             ,5,1,108.7
111370,9/24/2024,XE9974,38:47.0,36:35.0,1,3.72,48,10,88,J16W,18-72771-010             ,5,4,107.53
111370,9/25/2024,XD9157,10:00.0,20:00.0,1,3.83,205,25,88,J16W,A03-43818-000            ,1.5,5.13,133.94
111370,9/26/2024,XE5846,40:00.0,54:00.0,1,1.23,15,10,88,J16W,18-72771-011             ,5,1.25,101.63
111370,10/10/2024,BS8139,56:31.0,20:34.0,1,3.07,100,30,88,J16W,15-31345-000             ,2,3.33,108.47
111370,10/15/2024,XF5876,13:28.0,20:14.0,1,2.12,25,10,88,J16W,18-71533-002             ,5,2.08,98.11
111370,10/16/2024,XF1039,57:08.0,17:29.0,1,3,240,30,88,J16W,18-74430-000             ,1,4,133.33
111370,10/17/2024,XF1039,38:32.0,21:54.0,1,7.13,450,30,88,J16W,18-74430-000             ,1,7.5,105.19
111370,10/22/2024,BS5361,32:00.0,20:00.0,1,0.8,27,40,88,J16W,22-74602-103             ,0.5,0.23,28.75
111370,10/24/2024,XF0834,30:00.0,20:00.0,1,1.83,100,25,88,J16W,A03-43818-000            ,1.5,2.5,136.61
111370,10/24/2024,XF0877,42:15.0,27:52.0,1,3.5,47,10,88,J16W,18-72771-011             ,5,3.92,112
111370,10/28/2024,XF0878,24:50.0,20:07.0,1,2.68,38,10,88,J16W,18-72771-013             ,5,3.17,118.28
111370,10/30/2024,BS4905,30:38.0,57:35.0,1,3.87,93,25,88,J16W,12-28678-001             ,2,3.1,80.1
111370,10/31/2024,XF0382,22:00.0,20:00.0,1,4.63,63,10,88,J16W,18-67526-060             ,3.5,3.68,79.48
111370,11/12/2024,BT0266,50:20.0,22:11.0,1,0.53,35,10,88,J16W,04-31977-000             ,1,0.58,109.43
111370,11/13/2024,XF1548,05:51.0,31:54.0,1,0.43,19,25,88,J16W,A03-43818-000            ,1.5,0.48,111.63
111370,11/13/2024,XF2145,14:00.0,20:00.0,1,5.52,70,10,88,J16W,18-72771-013             ,5,5.83,105.62
111370,11/14/2024,XF6014,25:00.0,20:00.0,1,6.33,84,10,88,J16W,18-72771-012             ,5,7,110.58
111370,12/2/2024,BT2876,15:45.0,20:11.0,1,0.08,1,10,88,J16W,15-21110-000             ,4.6,0.08,100
111370,12/9/2024,BT1531,55:00.0,47:40.0,1,0.53,31,25,88,J16W,15-13932-007             ,1.9,0.98,184.91
111370,12/12/2024,XG7627,34:25.0,18:37.0,1,0.73,10,10,88,J16W,18-72771-011             ,5,0.83,113.7
111370,12/13/2024,XG3004,41:07.0,20:10.0,1,3.4,44,10,88,J16W,18-72771-012             ,5,3.67,107.94
111370,12/20/2024,XH1066,25:00.0,25:00.0,1,5.42,59,10,88,J16W,18-72771-012             ,5,4.92,90.77
111370,1/16/2025,XF7179,28:57.0,11:34.0,1,2.38,90,10,88,J16W,A18-66872-003            ,1,1.5,63.03
111370,1/17/2025,XF8062,30:00.0,20:00.0,1,1.83,30,10,88,J16W,18-71533-001             ,5,2.5,136.61
111370,1/17/2025,XH1300,40:00.0,00:00.0,1,4.08,48,10,88,J16W,18-72771-011             ,5,4,98.04
111370,1/22/2025,XG7249,08:16.0,22:28.0,1,6.65,520,30,88,J16W,18-74430-000             ,1,8.67,130.38
111370,1/23/2025,XH1930,29:00.0,20:00.0,1,6.27,65,10,88,J16W,18-72771-013             ,5,5.42,86.44
111370,2/3/2025,BS4636,32:50.0,44:36.0,1,5.62,50,30,88,J16W,18-71760-020             ,3.25,2.71,48.22
111370,2/5/2025,XH8163,01:48.0,28:18.0,1,3.87,156,40,88,J16W,22-74603-001             ,2.5,6.5,167.96
111370,2/8/2025,BT6496,20:08.0,31:19.0,1,2.85,161,30,88,J16W,15-31345-000             ,2,5.37,188.42
111370,2/10/2025,XH2164,40:07.0,16:52.0,1,2.35,43,10,88,J16W,18-72771-011             ,5,3.58,152.34
111370,2/11/2025,XH7125,52:00.0,20:00.0,1,4.13,50,10,88,J16W,F18-68687-006            ,5,4.17,100.97
111370,2/12/2025,XH7125,42:29.0,00:41.0,1,4.72,53,10,88,J16W,F18-68687-006            ,5,4.42,93.64
111370,2/12/2025,XH7651,31:18.0,20:12.0,1,1.82,44,20,88,J16W,04-35196-103             ,2,1.47,80.77
111370,2/19/2025,BT5956,31:56.0,13:01.0,1,1.45,44,10,88,J16W,04-31977-000             ,1,0.73,50.34
111370,2/20/2025,XH1637,41:03.0,33:38.0,1,4.28,45,10,88,J16W,18-44668-004             ,5.5,4.13,96.5
111370,2/20/2025,XH6755,15:00.0,20:00.0,1,1.08,51,10,88,J16W,A18-66872-003            ,1,0.85,78.7
111370,3/5/2025,BT6621,47:00.0,20:00.0,1,2.55,56,10,88,J16W,03-44574-000             ,3,2.8,109.8
111370,3/6/2025,BT8658,31:00.0,20:00.0,1,3.48,150,30,88,J16W,15-31345-000             ,2,5,143.68
111370,3/11/2025,XI9000,26:00.0,20:00.0,1,4.57,135,20,88,J16W,04-35196-103             ,2,4.5,98.47
111370,4/21/2025,BU1781,57:47.0,04:06.0,1,0.12,3,10,88,J16W,18-67525-040             ,3,0.15,125
111370,4/21/2025,XJ0024,32:00.0,20:00.0,1,1.8,35,10,88,J16W,18-72771-010             ,5,2.92,162.22
111370,4/22/2025,XJ0214,00:00.0,20:00.0,1,4,70,10,88,J16W,18-72771-011             ,5,5.83,145.75
111370,4/23/2025,XI2694,53:20.0,51:55.0,1,1.63,90,10,88,J16W,A18-66872-003            ,1,1.5,92.02
111370,4/24/2025,XJ0280,51:56.0,47:26.0,1,4.6,168,20,88,J16W,04-35196-103             ,2,5.6,121.74
111370,5/2/2025,BU0495,55:55.0,26:28.0,1,0.52,2,25,88,J16W,12-28678-001             ,2,0.07,13.46
111370,5/2/2025,BU0495,49:00.0,20:00.0,1,0.52,18,25,88,J16W,12-28678-001             ,2,0.6,115.38
111370,5/3/2025,XF0172,43:28.0,22:01.0,1,3.65,72,10,88,J16W,22-78696-000             ,1.2,1.44,39.45
111370,5/4/2025,XF0172,38:00.0,30:00.0,1,5.87,112,10,88,J16W,22-78696-000             ,1.2,2.24,38.16
111370,5/9/2025,BT7478,30:00.0,20:00.0,1,1.83,65,30,88,J16W,18-71760-020             ,3.25,3.52,192.35
111370,5/10/2025,XJ5896,25:00.0,18:00.0,1,0.88,16,10,88,J16W,22-78696-000             ,1.2,0.32,36.36
111370,5/11/2025,XJ5896,40:00.0,40:00.0,1,1.5,70,10,88,J16W,22-78696-000             ,1.2,1.4,93.33
111370,5/14/2025,BU2961,49:00.0,30:00.0,1,0.68,10,10,88,J16W,15-21110-000             ,4.6,0.77,113.24
111370,5/14/2025,XI3983,39:20.0,49:43.0,1,1.17,46,25,88,J16W,A03-43818-000            ,1.5,1.15,98.29
111370,5/16/2025,XJ5467,40:00.0,30:00.0,1,5.25,76,10,88,J16W,18-72771-011             ,5,6.33,120.57
111370,5/27/2025,XK0663,07:52.0,52:40.0,1,0.5,4,10,88,J16W,18-67526-060             ,3.5,0.23,46
111370,5/27/2025,XK0663,29:00.0,20:00.0,1,2.85,41,10,88,J16W,18-67526-060             ,3.5,2.39,83.86
111370,5/29/2025,XJ4192,28:00.0,20:00.0,1,2.87,34,10,88,J16W,18-44668-004             ,5.5,3.12,108.71
111370,5/30/2025,XJ4192,40:00.0,02:00.0,1,2.12,23,10,88,J16W,18-44668-004             ,5.5,2.11,99.53
111370,6/9/2025,XK0262,40:00.0,55:11.0,1,1.25,44,10,88,J16W,A18-66872-003            ,1,0.73,58.4
111370,6/9/2025,XK7926,41:00.0,20:00.0,1,0.65,7,10,88,J16W,22-57164-010             ,5,0.58,89.23
111370,6/10/2025,XK1945,40:00.0,30:59.0,1,1.83,26,10,88,J16W,18-72771-010             ,5,2.17,118.58
111370,6/12/2025,BU2019,42:00.0,20:00.0,1,1.63,24,25,88,J16W,12-28678-001             ,2,0.8,49.08
111370,6/18/2025,XK0661,40:00.0,35:00.0,1,5.33,67,10,88,J16W,18-44668-004             ,5.5,6.14,115.2
111370,6/23/2025,XK1609,40:00.0,21:00.0,1,3.43,35,10,88,J16W,18-72771-013             ,5,2.92,85.13
111370,6/23/2025,XK1609,46:00.0,20:00.0,1,2.57,35,10,88,J16W,18-72771-013             ,5,2.92,113.62
111370,6/24/2025,XK8310,44:00.0,20:00.0,1,2.6,16,10,88,J16W,05-28802-000             ,6.3,1.68,64.62
111370,6/25/2025,XK6488,52:12.0,21:24.0,1,0.48,39,25,88,J16W,A03-43818-000            ,1.5,0.98,204.17
111370,6/30/2025,XL1282,57:00.0,20:00.0,1,5.05,320,30,88,J16W,18-74430-000             ,1,5.33,105.54
111370,7/8/2025,XK1258,13:46.0,29:46.0,1,4.68,70,10,88,J16W,18-44668-004             ,5.5,6.42,137.18
119915,3/19/2024,BQ7664,35:00.0,14:27.0,3,2.65,62,25,88,J16W,12-28678-001             ,2,2.07,78.11
119915,3/20/2024,XA6360,11:43.0,56:29.0,3,2.42,74,10,88,J16W,18-64537-003             ,4.4,5.43,224.38
119915,3/21/2024,XA1422,30:00.0,20:00.0,3,1.25,46,10,88,J16W,18-44737-002             ,0.5,0.38,30.4
119915,3/21/2024,XA6360,50:00.0,09:34.0,3,2.07,58,10,88,J16W,18-64537-003             ,4.4,4.25,205.31
119915,3/22/2024,BP9739,40:13.0,58:15.0,3,3.65,88,20,88,J16W,18-44737-001             ,2.59,3.8,104.11
119915,3/22/2024,XA1422,39:53.0,58:15.0,3,3.66,88,10,88,J16W,18-44737-002             ,0.5,0.73,19.95
119915,3/23/2024,BP9739,31:53.0,57:57.0,3,3.43,106,20,88,J16W,18-44737-001             ,2.59,4.58,133.53
119915,3/23/2024,XA1422,31:35.0,57:57.0,3,3.43,106,10,88,J16W,18-44737-002             ,0.5,0.88,25.66
119915,3/24/2024,XA6752,06:00.0,20:00.0,3,5.23,60,10,88,J16W,18-64537-003             ,4.4,4.4,84.13
119915,4/5/2024,BQ7901,40:00.0,15:00.0,3,2.58,60,25,88,J16W,12-28678-001             ,2,2,77.52
119915,4/6/2024,BQ2277,40:00.0,32:23.0,3,3.43,94,20,88,J16W,18-44737-001             ,2.59,4.06,118.37
119915,4/6/2024,XA2266,40:00.0,32:23.0,3,3.43,94,20,88,J16W,18-44737-002             ,2.59,4.06,118.37
119915,4/8/2024,BQ2277,40:00.0,14:50.0,3,3.49,114,20,88,J16W,18-44737-001             ,2.59,4.92,140.97
119915,4/8/2024,XA2266,40:00.0,14:50.0,3,3.49,114,20,88,J16W,18-44737-002             ,2.59,4.92,140.97
119915,4/9/2024,BQ2277,40:00.0,45:00.0,3,1.88,72,20,88,J16W,18-44737-001             ,2.59,3.11,165.43
119915,4/9/2024,XA2266,40:00.0,45:00.0,3,1.88,72,20,88,J16W,18-44737-002             ,2.59,3.11,165.43
119915,4/11/2024,XB9054,11:00.0,20:00.0,3,9.56,176,110A,88,J16W,18-67273-100             ,5,14.67,153.45
119915,4/12/2024,XB9054,32:00.0,00:00.0,3,10.88,180,110A,88,J16W,18-67273-100             ,5,15,137.87
119915,4/13/2024,XB9054,21:00.0,20:00.0,3,4.98,101,110A,88,J16W,18-67273-100             ,5,8.42,169.08
119915,4/15/2024,XB9054,01:00.0,20:00.0,3,4.07,100,110A,88,J16W,18-67273-100             ,5,8.33,204.67
119915,4/15/2024,XB9055,21:00.0,00:00.0,3,2.32,50,110A,88,J16W,18-67273-101             ,5,4.17,179.74
119915,4/16/2024,XC5066,40:00.0,15:00.0,3,5,100,110A,88,J16W,18-67273-100             ,5,8.33,166.6
119915,4/17/2024,XA7262,01:00.0,20:00.0,3,3.08,48,10,88,J16W,18-64537-003             ,4.4,3.52,114.29
119915,4/18/2024,XA7262,40:00.0,30:00.0,3,2.5,40,10,88,J16W,18-64537-003             ,4.4,2.93,117.2
119915,4/18/2024,XA7262,36:00.0,20:00.0,3,0.73,10,10,88,J16W,18-64537-003             ,4.4,0.73,100
119915,4/18/2024,XC5066,02:00.0,20:00.0,3,3.05,50,110A,88,J16W,18-67273-100             ,5,4.17,136.72
119915,4/19/2024,XA7262,40:00.0,20:00.0,3,7.08,112,10,88,J16W,18-64537-003             ,4.4,8.21,115.96
119915,4/30/2024,XC0001,41:00.0,47:50.0,3,2.85,20,10,88,J16W,F18-68687-006            ,5,1.67,58.6
119915,5/4/2024,XC0062,41:15.0,28:04.0,3,4.45,60,10,88,J16W,18-64537-003             ,4.4,4.4,98.88
119915,5/6/2024,XC0062,30:00.0,20:00.0,3,7.25,106,10,88,J16W,18-64537-003             ,4.4,7.77,107.17
119915,5/9/2024,XC0062,11:00.0,49:12.0,3,1.63,26,10,88,J16W,18-64537-003             ,4.4,1.91,117.18
119915,5/13/2024,XC0062,31:00.0,40:00.0,3,2.82,40,10,88,J16W,18-64537-003             ,4.4,2.93,103.9
119915,5/13/2024,XC0062,46:00.0,20:00.0,3,2.57,52,10,88,J16W,18-64537-003             ,4.4,3.81,148.25
119915,5/28/2024,XC2467,43:00.0,20:00.0,3,1.62,60,20,88,J16W,04-35196-103             ,2,2,123.46
119915,5/31/2024,XC0616,40:00.0,15:00.0,3,2.58,15,10,88,J16W,18-64537-003             ,1.25,0.31,12.02
119915,5/31/2024,XC0616,56:00.0,00:00.0,3,6.07,119,10,88,J16W,18-64537-003             ,1.25,2.48,40.86
119915,6/1/2024,XC0616,40:00.0,06:00.0,3,1.43,10,10,88,J16W,18-64537-003             ,1.25,0.21,14.69
119915,6/1/2024,XC0616,58:00.0,20:00.0,3,2.78,60,10,88,J16W,18-64537-003             ,1.25,1.25,44.96
119915,6/3/2024,XB5040,50:00.0,15:00.0,3,1.42,16,30,88,J16W,18-44668-004             ,5.5,1.47,103.52
119915,6/3/2024,XC0616,40:00.0,35:00.0,3,5.33,104,10,88,J16W,18-64537-003             ,1.25,2.17,40.71
119915,6/5/2024,XC0616,40:00.0,20:00.0,3,7.08,120,10,88,J16W,18-64537-003             ,1.25,2.5,35.31
119915,6/6/2024,BQ5852,30:00.0,29:00.0,3,3.65,100,20,88,J16W,18-44737-001             ,1,1.67,45.75
119915,6/6/2024,BQ5853,30:00.0,20:00.0,3,3.58,100,20,88,J16W,18-44737-002             ,1,1.67,46.65
119915,6/7/2024,BQ5852,30:00.0,29:00.0,3,3.65,108,20,88,J16W,18-44737-001             ,1,1.8,49.32
119915,6/7/2024,BQ5853,30:00.0,05:00.0,3,3.33,108,20,88,J16W,18-44737-002             ,1,1.8,54.05
119915,6/8/2024,BQ5852,01:00.0,20:00.0,3,2.32,140,20,88,J16W,18-44737-001             ,1,2.33,100.43
119915,6/8/2024,BQ5852,53:21.0,59:00.0,3,0.05,40,20,88,J16W,18-44737-001             ,1,0.67,1340
119915,6/8/2024,BQ5853,40:00.0,00:00.0,3,3,140,20,88,J16W,18-44737-002             ,1,2.33,77.67
136301,9/29/2023,BO6415,00:12.0,13:24.0,3,0.22,4,30,88,J16W,18-71760-020             ,3.25,0.22,100
136301,9/29/2023,X80051,34:44.0,53:59.0,3,1.32,23,10,88,J16W,22-78696-000             ,1.2,0.46,34.85
136301,9/30/2023,X73146,27:40.0,30:00.0,3,0.03,43,10,88,J16W,18-72771-013             ,5,3.58,11933.33
136301,9/30/2023,X73146,27:40.0,20:41.0,3,0.43,43,10,88,J16W,18-72771-013             ,5,3.58,832.56
136301,9/30/2023,X73146,30:00.0,20:41.0,3,1.42,43,10,88,J16W,18-72771-013             ,5,3.58,252.11
136301,10/1/2023,X73146,28:47.0,20:22.0,3,4.87,51,10,88,J16W,18-72771-013             ,5,4.25,87.27
136301,10/2/2023,X73146,25:00.0,55:00.0,3,0.5,8,10,88,J16W,18-72771-013             ,5,0.67,134
136301,10/4/2023,BO7291,40:18.0,52:27.0,3,4.81,125,20,88,J16W,18-44737-001             ,2.59,5.4,112.27
136301,10/4/2023,BO7292,40:32.0,52:34.0,3,4.81,125,20,88,J16W,18-44737-000             ,2.59,5.4,112.27
136301,10/8/2023,X73928,15:12.0,20:00.0,3,3.08,142,25,88,J16W,A03-43818-000            ,1.5,3.55,115.26
136301,10/10/2023,X72421,10:20.0,20:00.0,3,6.58,57,30,88,J16W,18-44668-004             ,5.5,5.23,79.48
136301,10/10/2023,X72421,40:48.0,20:02.0,3,3.66,29,30,88,J16W,18-44668-004             ,5.5,2.66,72.68
136301,10/11/2023,X73629,55:44.0,35:00.0,3,4.41,70,10,88,J16W,18-72771-011             ,5,5.83,132.2
136301,10/12/2023,X74474,25:12.0,00:25.0,3,6,82,10,88,J16W,18-72771-013             ,5,6.83,113.83
136301,10/12/2023,X74665,25:10.0,21:09.0,3,2.93,72,10,88,J16W,18-72771-010             ,5,6,204.78
136301,10/13/2023,X78267,01:09.0,21:03.0,3,0.33,5,10,88,J16W,18-67273-102             ,5,0.42,127.27
136301,10/13/2023,X78269,10:09.0,36:13.0,3,9.85,219,10,88,J16W,18-67273-106             ,5,18.25,185.28
136301,10/17/2023,X78748,41:48.0,21:27.0,3,1.67,21,10,88,J16W,18-71533-001             ,5,1.75,104.79
136301,10/17/2023,X84909,26:06.0,20:38.0,3,1.9,26,10,88,J16W,18-69349-004             ,5,2.17,114.21
136301,10/19/2023,X74821,10:17.0,37:01.0,3,4.87,60,10,88,J16W,18-72771-011             ,5,5,102.67
136301,10/20/2023,X84870,10:10.0,40:03.0,3,6.92,155,10,88,J16W,18-67273-202             ,5,12.92,186.71
136301,10/21/2023,X84863,10:13.0,00:01.0,3,0.83,10,10,88,J16W,18-67273-101             ,5,0.83,100
136301,10/21/2023,X84864,30:10.0,10:00.0,3,0.67,8,10,88,J16W,18-67273-102             ,5,0.67,100
136301,10/21/2023,X84867,40:37.0,55:01.0,3,0.25,3,10,88,J16W,18-67273-108             ,5,0.25,100
136301,10/21/2023,X84870,25:11.0,40:03.0,3,0.25,3,10,88,J16W,18-67273-202             ,5,0.25,100
136301,10/21/2023,X84871,10:25.0,25:11.0,3,1.25,15,10,88,J16W,18-67273-203             ,5,1.25,100
136301,10/21/2023,X84873,59:37.0,31:05.0,3,0.53,5,10,88,J16W,18-67273-205             ,5,0.42,79.25
136301,10/21/2023,X84874,00:26.0,21:43.0,3,0.35,5,10,88,J16W,18-67273-206             ,3,0.25,71.43
136301,10/24/2023,BO7291,54:16.0,49:16.0,3,0.79,20,20,88,J16W,18-44737-001             ,2.59,0.86,108.86
136301,10/24/2023,BO9091,54:25.0,49:25.0,3,0.79,20,10,88,J16W,18-44737-002             ,0.5,0.17,21.52
136301,10/24/2023,X75217,18:19.0,44:36.0,3,1.43,90,10,88,J16W,A18-66872-003            ,1,1.5,104.9
136301,10/25/2023,BP0049,10:57.0,20:23.0,3,2.17,49,25,88,J16W,12-28678-001             ,2,1.63,75.12
136301,10/25/2023,BP0140,15:05.0,23:36.0,3,0.13,4,10,88,J16W,18-67525-040             ,3,0.2,153.85
136301,10/26/2023,X74653,10:42.0,20:00.0,3,10.58,178,10,88,J16W,18-68687-020             ,5,14.83,140.17
136301,10/27/2023,BP3352,48:17.0,06:02.0,3,1.05,54,30,88,J16W,15-31345-000             ,2,1.8,171.43
136301,10/29/2023,X73998,40:00.0,20:00.0,3,3.67,33,10,88,J16W,F18-68687-006            ,5,2.75,74.93
136301,10/30/2023,X73998,11:10.0,22:34.0,3,10.6,124,10,88,J16W,F18-68687-006            ,5,10.33,97.45
136301,10/31/2023,BP0216,22:37.0,21:07.0,3,2.98,32,30,88,J16W,18-71760-020             ,3.25,1.73,58.05
136301,11/2/2023,X90427,10:11.0,05:28.0,3,10.33,225,10,88,J16W,18-67273-100             ,5,18.75,181.51
136301,11/2/2023,X90505,05:37.0,20:01.0,3,0.25,3,10,88,J16W,18-74470-000             ,5,0.25,100
136301,11/3/2023,X90430,40:00.0,20:30.0,3,11.08,157,10,88,J16W,18-67273-105             ,5,13.08,118.05
136301,11/13/2023,X90427,10:24.0,20:24.0,3,6.58,87,10,88,J16W,18-67273-100             ,5,7.25,110.18
136301,11/14/2023,X90428,10:00.0,10:00.0,3,4.42,63,10,88,J16W,18-67273-101             ,5,5.25,118.78
136301,11/14/2023,X90429,40:37.0,05:13.0,3,0.42,5,10,88,J16W,18-67273-102             ,5,0.42,100
136301,11/14/2023,X90430,42:35.0,11:55.0,3,0.48,5,10,88,J16W,18-67273-105             ,5,0.42,87.5
136301,11/15/2023,BO9532,40:29.0,21:07.0,3,3.05,66,20,88,J16W,18-44737-001             ,2.59,2.85,93.44
136301,11/15/2023,BO9533,40:19.0,21:15.0,3,3.05,66,20,88,J16W,18-44737-000             ,2.59,2.85,93.44
136301,11/16/2023,BP4236,42:14.0,00:00.0,3,2.97,100,10,88,J16W,04-31977-000             ,1,1.67,56.23
136301,11/16/2023,X79704,14:59.0,23:13.0,3,2.15,61,30,88,J16W,04-35196-103             ,2,2.03,94.42
136301,11/17/2023,BP5289,48:26.0,31:11.0,3,0.72,11,10,88,J16W,A03-34518-001            ,3.5,0.64,88.89
136301,11/17/2023,BP5760,03:27.0,05:00.0,3,0.03,1,10,88,J16W,18-67525-040             ,3,0.05,166.67
136301,11/20/2023,X93977,10:12.0,21:06.0,3,6.6,84,10,88,J16W,18-67273-100             ,5,7,106.06
136301,11/21/2023,X93977,10:23.0,44:16.0,3,5.98,78,10,88,J16W,18-67273-100             ,5,6.5,108.7
136301,11/21/2023,X93981,20:11.0,21:40.0,3,0.02,5,10,88,J16W,18-67273-106             ,5,0.42,2100
136301,11/22/2023,X79320,26:38.0,55:01.0,3,2.15,30,10,88,J16W,18-72771-013             ,5,2.5,116.28
136301,11/25/2023,BO9532,40:33.0,23:56.0,3,2.36,56,20,88,J16W,18-44737-001             ,2.59,2.42,102.54
136301,11/25/2023,BO9533,40:26.0,24:01.0,3,2.38,56,20,88,J16W,18-44737-000             ,2.59,2.42,101.68
136301,11/27/2023,BO9532,40:14.0,20:00.0,3,3.04,99,20,88,J16W,18-44737-001             ,2.59,4.27,140.46
136301,11/27/2023,BO9533,40:21.0,20:11.0,3,3.04,99,20,88,J16W,18-44737-000             ,2.59,4.27,140.46
136301,11/28/2023,X93985,10:10.0,23:41.0,3,6.63,181,10,88,J16W,18-67273-202             ,5,15.08,227.45
136301,11/29/2023,X93979,11:36.0,45:11.0,3,0.57,10,10,88,J16W,18-67273-102             ,5,0.83,145.61
136301,11/29/2023,X93980,03:18.0,17:01.0,3,0.23,5,10,88,J16W,18-67273-105             ,5,0.42,182.61
136301,11/29/2023,X93982,40:11.0,05:00.0,3,0.42,5,10,88,J16W,18-67273-108             ,5,0.42,100
136301,11/29/2023,X93985,31:08.0,46:01.0,3,1.18,15,10,88,J16W,18-67273-202             ,5,1.25,105.93
136301,11/29/2023,X93986,16:00.0,22:34.0,3,0.85,15,10,88,J16W,18-67273-203             ,5,1.25,147.06
136301,11/29/2023,X93988,38:10.0,01:20.0,3,0.38,5,10,88,J16W,18-67273-205             ,5,0.42,110.53
136301,11/29/2023,X93989,15:41.0,42:00.0,3,0.45,20,10,88,J16W,18-67273-206             ,3,1,222.22
136301,11/29/2023,X93993,55:11.0,20:44.0,3,0.42,5,10,88,J16W,18-67273-211             ,5,0.42,100
136301,11/30/2023,BP3833,42:41.0,17:15.0,3,0.58,25,10,88,J16W,18-65698-000             ,1.5,0.63,108.62
136301,11/30/2023,X78681,10:12.0,21:45.0,3,2.85,89,25,88,J16W,A03-43818-000            ,1.5,2.23,78.25
136301,12/1/2023,X79613,25:09.0,45:00.0,3,2,28,10,88,J16W,18-72771-011             ,5,2.33,116.5
136301,12/1/2023,X86241,30:47.0,20:00.0,3,0.83,15,10,88,J16W,18-67526-060             ,3.5,0.88,106.02
136301,12/2/2023,X80194,10:00.0,00:00.0,3,2.5,34,10,88,J16W,22-57164-010             ,5,2.83,113.2
136301,12/4/2023,BP3178,10:33.0,20:30.0,3,2.29,90,10,88,J16W,18-44737-002             ,0.5,0.75,32.75
136301,12/4/2023,BP3820,10:21.0,20:37.0,3,2.29,90,20,88,J16W,18-44737-001             ,2.59,3.89,169.87
136301,12/5/2023,X93985,13:16.0,20:00.0,3,6.53,88,10,88,J16W,18-67273-202             ,5,7.33,112.25
136301,12/6/2023,XA0001,14:09.0,30:00.0,3,0.02,5,10,88,J16W,18-67273-202             ,5,0.42,2100
136301,12/6/2023,XA0004,00:00.0,07:25.0,3,1.12,15,10,88,J16W,18-67273-205             ,5,1.25,111.61
136301,12/6/2023,XA0005,27:28.0,42:20.0,3,0.05,7,10,88,J16W,18-67273-206             ,3,0.35,700
136301,12/6/2023,XA0007,50:44.0,58:10.0,3,0.13,5,10,88,J16W,18-67273-208             ,4,0.33,253.85
136301,12/6/2023,XA0011,08:28.0,13:01.0,3,0.08,2,10,88,J16W,18-67273-231             ,4,0.13,162.5
136301,12/6/2023,X93978,25:14.0,22:57.0,3,1.95,70,10,88,J16W,18-67273-101             ,5,5.83,298.97
136301,12/6/2023,X93979,11:50.0,26:00.0,3,1.25,20,10,88,J16W,18-67273-102             ,5,1.67,133.6
136301,12/6/2023,X93980,40:07.0,52:35.0,3,0.2,5,10,88,J16W,18-67273-105             ,5,0.42,210
136301,12/7/2023,X75208,10:00.0,20:01.0,3,1.17,12,30,88,J16W,18-44668-004             ,5.5,1.1,94.02
136301,12/7/2023,X84927,18:10.0,20:19.0,3,3.78,52,30,88,J16W,18-71760-020             ,3.25,2.82,74.6
136301,12/8/2023,BP3178,40:31.0,25:03.0,3,3.08,70,10,88,J16W,18-44737-002             ,0.5,0.58,18.83
136301,12/8/2023,BP3820,40:41.0,25:11.0,3,3.08,70,20,88,J16W,18-44737-001             ,2.59,3.02,98.05
136301,12/9/2023,X85964,10:00.0,20:35.0,3,4.17,220,30,88,J16W,18-74430-000             ,1,3.67,88.01
136301,12/9/2023,X86239,10:00.0,40:00.0,3,2.5,150,10,88,J16W,A18-66872-003            ,1,2.5,100
136301,12/11/2023,X93985,10:10.0,22:56.0,3,6.62,88,10,88,J16W,18-67273-202             ,5,7.33,110.73
136301,12/16/2023,X84948,34:19.0,20:37.0,3,0.77,10,10,88,J16W,18-72771-012             ,5,0.83,107.79
136301,12/17/2023,X85259,25:00.0,06:00.0,3,0.68,8,10,88,J16W,18-72771-013             ,5,0.67,98.53
136301,12/20/2023,X86828,37:04.0,20:22.0,3,3.47,70,10,88,J16W,18-72771-010             ,5,5.83,168.01
136301,12/20/2023,X86852,10:53.0,49:35.0,3,2.32,107,40,88,J16W,22-74602-003             ,1.5,2.68,115.52
136301,12/21/2023,X79872,14:46.0,21:29.0,3,6.53,40,30,88,J16W,18-44668-004             ,5.5,3.67,56.2
136301,12/22/2023,X79872,16:29.0,20:18.0,3,6.48,52,30,88,J16W,18-44668-004             ,5.5,4.77,73.61
136301,12/27/2023,XA0006,10:25.0,12:00.0,3,0.03,1,10,88,J16W,18-67273-207             ,3,0.05,166.67
136301,12/27/2023,X99995,30:56.0,54:35.0,3,0.4,5,10,88,J16W,18-67273-102             ,5,0.42,105
136301,12/27/2023,X99996,40:26.0,05:00.0,3,0.42,5,10,88,J16W,18-67273-105             ,5,0.42,100
136301,12/28/2023,XA0003,51:36.0,59:01.0,3,0.13,2,10,88,J16W,18-67273-204             ,5,0.17,130.77
136301,12/28/2023,X99993,43:25.0,20:00.0,3,5.62,140,10,88,J16W,18-67273-100             ,5,11.67,207.65
136301,12/28/2023,X99994,13:28.0,06:05.0,3,0.88,25,10,88,J16W,18-67273-101             ,5,2.08,236.36
136301,12/29/2023,X99994,26:47.0,20:00.0,3,6.9,96,10,88,J16W,18-67273-101             ,5,8,115.94
136301,1/2/2024,X99994,35:10.0,01:20.0,3,3.1,42,10,88,J16W,18-67273-101             ,5,3.5,112.9
136301,1/4/2024,X99994,23:44.0,20:03.0,3,5.36,83,10,88,J16W,18-67273-101             ,5,6.92,129.1
136301,1/16/2024,X99994,10:08.0,21:35.0,3,6.6,101,10,88,J16W,18-67273-101             ,5,8.42,127.58
136301,1/18/2024,BP4385,27:15.0,52:40.0,3,0.42,9,25,88,J16W,12-28678-001             ,2,0.3,71.43
136301,1/18/2024,XA0743,55:16.0,24:12.0,3,0.48,26,10,88,J16W,A18-66872-003            ,1,0.43,89.58
136301,1/20/2024,X99993,10:12.0,20:05.0,3,5.17,63,10,88,J16W,18-67273-100             ,5,5.25,101.55
136301,1/21/2024,XA5434,10:12.0,22:02.0,3,5.2,62,10,88,J16W,18-67273-100             ,5,5.17,99.42
136301,1/22/2024,XA5434,11:42.0,17:05.0,3,3.77,50,10,88,J16W,18-67273-100             ,5,4.17,110.61
136301,1/22/2024,X94614,59:32.0,20:57.0,3,1.35,32,30,88,J16W,04-35196-103             ,2,1.07,79.26
136301,1/23/2024,X94614,10:32.0,42:06.0,3,0.53,20,30,88,J16W,04-35196-103             ,2,0.67,126.42
136301,1/25/2024,X97109,10:23.0,20:09.0,3,6.58,152,10,88,J16W,F18-68687-006            ,5,12.67,192.55
136301,1/27/2024,XA5434,10:07.0,23:48.0,3,5.22,66,10,88,J16W,18-67273-100             ,5,5.5,105.36
136301,2/1/2024,BP7404,39:14.0,26:40.0,3,1.89,36,20,88,J16W,18-44737-001             ,2.59,1.55,82.01
136301,2/1/2024,X97089,39:25.0,26:48.0,3,1.89,36,10,88,J16W,18-44737-002             ,0.5,0.3,15.87
136301,2/7/2024,XA1310,10:29.0,25:43.0,3,6.67,93,30,88,J16W,04-35196-103             ,0.86,1.34,20.09
136301,2/14/2024,XA5434,19:49.0,25:06.0,3,3.1,87,10,88,J16W,18-67273-100             ,5,7.25,233.87
136301,2/15/2024,BP9092,11:55.0,10:02.0,3,2.98,72,10,88,J16W,18-67526-040             ,2.5,3,100.67
136301,2/15/2024,XA5500,43:38.0,44:23.0,3,0.02,0,10,88,J16W,18-74470-000             ,5,0,0
136301,2/15/2024,XA6872,14:54.0,23:42.0,3,3.15,129,40,88,J16W,22-74603-001             ,2.5,5.38,170.79
136301,2/20/2024,X84812,10:23.0,21:10.0,3,2.85,17,30,88,J16W,18-44668-004             ,5.5,1.56,54.74
136301,2/21/2024,XB2329,10:15.0,20:24.0,3,7.17,75,10,88,J16W,18-67273-102             ,5,6.25,87.17
136301,2/22/2024,XB2434,10:16.0,55:33.0,3,2.42,51,10,88,J16W,18-74470-000             ,5,4.25,175.62
136301,2/24/2024,XA1456,11:39.0,20:18.0,3,4.82,70,10,88,J16W,F18-68687-006            ,5,5.83,120.95
136301,2/26/2024,BP7404,10:50.0,02:04.0,3,1.28,49,20,88,J16W,18-44737-001             ,2.59,2.12,165.63
136301,2/26/2024,X97089,11:03.0,02:11.0,3,1.26,49,10,88,J16W,18-44737-002             ,0.5,0.41,32.54
136301,2/27/2024,XB2327,10:00.0,20:00.0,3,6.58,216,10,88,J16W,18-67273-100             ,5,18,273.56
136301,2/28/2024,XA7713,40:27.0,20:39.0,3,0.67,23,40,88,J16W,22-74602-003             ,1.5,0.58,86.57
136301,2/28/2024,X96318,10:08.0,30:59.0,3,4.75,75,10,88,J16W,18-67526-060             ,3.5,4.38,92.21
136301,3/1/2024,XB2329,06:43.0,46:00.0,3,0.33,10,10,88,J16W,18-67273-102             ,5,0.83,251.52
136301,3/1/2024,XB2330,15:31.0,55:33.0,3,1.42,15,10,88,J16W,18-67273-105             ,5,1.25,88.03
136301,3/1/2024,XB2331,28:23.0,28:00.0,3,1,12,10,88,J16W,18-67273-106             ,5,1,100
136301,3/1/2024,XB2335,58:28.0,20:17.0,3,0.37,3,10,88,J16W,18-67273-166             ,5,0.25,67.57
136301,3/1/2024,X80388,10:12.0,32:00.0,3,1.37,19,10,88,J16W,22-57164-010             ,5,1.58,115.33
136301,3/2/2024,XB2337,10:12.0,20:13.0,3,4.83,80,10,88,J16W,18-67273-202             ,5,6.67,138.1
136301,3/3/2024,X94777,40:00.0,20:33.0,3,1.67,122,30,88,J16W,18-74430-000             ,1,2.03,121.56
136301,3/4/2024,X94777,10:50.0,20:03.0,3,6.58,560,30,88,J16W,18-74430-000             ,1,9.33,141.79
136301,3/6/2024,X96952,34:17.0,21:13.0,3,6.2,65,30,88,J16W,18-44668-004             ,5.5,5.96,96.13
136301,3/8/2024,XA5956,11:06.0,50:02.0,3,0.65,40,30,88,J16W,22-74602-000             ,1,0.67,103.08
136301,3/9/2024,XB2327,35:06.0,20:22.0,3,1.75,140,10,88,J16W,18-67273-100             ,5,11.67,666.86
136301,3/11/2024,XA2290,30:09.0,20:18.0,3,4.5,60,10,88,J16W,F18-68687-006            ,5,5,111.11
105930,3/16/2024,BQ9267,40:00.0,30:00.0,1,2.83,150,210A,88,J16W,18-65989-001             ,1,2.5,88.34
105930,4/2/2024,XB9056,35:00.0,30:00.0,1,0.92,10,10,88,J16W,18-67273-102             ,5,0.83,90.22
105930,4/3/2024,XB5899,35:00.0,40:04.0,1,1.08,30,20,88,J16W,04-35196-103             ,2,1,92.59
105930,4/3/2024,X94417,15:00.0,50:16.0,1,1.58,19,10,88,J16W,18-72771-011             ,5,1.58,100
105930,4/4/2024,BQ7901,00:00.0,20:00.0,1,0.33,15,25,88,J16W,12-28678-001             ,2,0.5,151.52
105930,4/5/2024,BQ2277,00:00.0,05:58.0,1,2.38,80,20,88,J16W,18-44737-001             ,2.59,3.45,144.96
105930,4/5/2024,XA2266,00:00.0,05:58.0,1,2.38,80,20,88,J16W,18-44737-002             ,2.59,3.45,144.96
105930,4/6/2024,BQ2277,00:00.0,20:00.0,1,3.17,90,20,88,J16W,18-44737-001             ,2.59,3.89,122.71
105930,4/6/2024,XA2266,00:00.0,20:00.0,1,3.17,90,20,88,J16W,18-44737-002             ,2.59,3.89,122.71
105930,4/8/2024,XB9056,10:00.0,00:00.0,1,0.83,10,10,88,J16W,18-67273-102             ,5,0.83,100
105930,4/8/2024,XB9057,30:00.0,25:00.0,1,0.92,11,10,88,J16W,18-67273-105             ,5,0.92,100
105930,4/9/2024,XA7686,10:00.0,20:00.0,1,1.17,80,30,88,J16W,18-74430-000             ,1,1.33,113.68
105930,4/11/2024,XB5855,00:00.0,20:00.0,1,1.33,35,40,88,J16W,22-74603-001             ,2.5,1.46,109.77
105930,4/11/2024,XB9054,30:00.0,20:00.0,1,6.83,125,110A,88,J16W,18-67273-100             ,5,10.42,152.56
105930,4/12/2024,XA7880,30:00.0,20:00.0,1,3.5,56,10,88,J16W,18-72771-010             ,5,4.67,133.43
105930,4/12/2024,XB9054,30:00.0,00:00.0,1,1.5,20,110A,88,J16W,18-67273-100             ,5,1.67,111.33
105930,4/12/2024,XB9055,00:00.0,28:26.0,1,2.47,100,110A,88,J16W,18-67273-101             ,5,8.33,337.25
105930,4/13/2024,XB9055,40:00.0,45:00.0,1,1.08,25,110A,88,J16W,18-67273-101             ,5,2.08,192.59
105930,4/13/2024,XB9055,15:00.0,20:00.0,1,4.08,75,110A,88,J16W,18-67273-101             ,5,6.25,153.19
105930,4/15/2024,XB3391,10:00.0,20:00.0,1,1.17,26,25,88,J16W,A03-43818-000            ,1.5,0.65,55.56
105930,4/15/2024,XC5066,40:00.0,21:06.0,1,11.1,175,110A,88,J16W,18-67273-100             ,5,14.58,131.35
105930,4/17/2024,XA7262,40:00.0,15:00.0,1,6,92,10,88,J16W,18-64537-003             ,4.4,6.75,112.5
105930,4/18/2024,XC5076,10:00.0,20:00.0,1,1.17,21,10,88,J16W,18-67273-202             ,5,1.75,149.57
105930,4/19/2024,XA1468,20:00.0,20:12.0,1,1,12,10,88,J16W,18-72771-013             ,5,1,100
105930,4/22/2024,XA7262,55:00.0,53:09.0,1,2.97,50,10,88,J16W,18-64537-003             ,4.4,3.67,123.57
105930,4/22/2024,XA7262,40:00.0,20:40.0,1,3.67,60,10,88,J16W,18-64537-003             ,4.4,4.4,119.89
105930,4/23/2024,XB5957,40:00.0,50:00.0,1,3.17,60,10,88,J16W,18-64537-003             ,4.4,4.4,138.8
105930,4/23/2024,XB5957,30:00.0,21:35.0,1,2.85,30,10,88,J16W,18-64537-003             ,4.4,2.2,77.19
105930,4/24/2024,XB5957,40:00.0,24:04.0,1,11.15,180,10,88,J16W,18-64537-003             ,4.4,13.2,118.39
105930,4/25/2024,XB5957,40:29.0,20:17.0,1,9.08,150,10,88,J16W,18-64537-003             ,4.4,11,121.15
105930,5/4/2024,XC0062,30:00.0,20:00.0,1,3.83,60,10,88,J16W,18-64537-003             ,4.4,4.4,114.88
105930,5/6/2024,XC0062,55:00.0,50:00.0,1,0.92,14,10,88,J16W,18-64537-003             ,4.4,1.03,111.96
105930,5/8/2024,XC2227,10:00.0,30:00.0,1,1.33,120,30,88,J16W,18-74430-000             ,1,2,150.38
105930,5/9/2024,XC0062,30:00.0,30:00.0,1,1.67,34,10,88,J16W,18-64537-003             ,4.4,2.49,149.1
105930,5/13/2024,XC0062,40:00.0,00:00.0,1,2.08,30,10,88,J16W,18-64537-003             ,4.4,2.2,105.77
105930,5/15/2024,XC0254,10:00.0,20:00.0,1,1.17,15,10,88,J16W,18-71533-001             ,5,1.25,106.84
105930,5/16/2024,XC5074,50:00.0,20:00.0,1,0.5,7,10,88,J16W,18-67273-166             ,5,0.58,116
105930,5/21/2024,XC6061,40:41.0,20:15.0,1,1.67,20,10,88,J16W,F18-68687-006            ,5,1.67,100
105930,5/24/2024,XB4349,10:00.0,20:00.0,1,1.17,60,10,88,J16W,A18-66872-003            ,1,1,85.47
105930,5/31/2024,XB3996,20:00.0,20:00.0,1,1,14,10,88,J16W,18-72771-011             ,5,1.17,117
105930,6/3/2024,BQ5852,00:00.0,20:00.0,1,2.17,56,20,88,J16W,18-44737-001             ,1,0.93,42.86
105930,6/3/2024,BQ5853,00:00.0,20:00.0,1,2.17,56,20,88,J16W,18-44737-002             ,1,0.93,42.86
105930,6/7/2024,XC6848,20:00.0,20:00.0,1,1,13,10,88,J16W,18-72771-013             ,5,1.08,108
105930,6/10/2024,BQ5852,15:00.0,20:00.0,1,1.88,82,20,88,J16W,18-44737-001             ,1,1.37,72.87
105930,6/10/2024,BQ5853,15:00.0,20:00.0,1,1.88,82,20,88,J16W,18-44737-002             ,1,1.37,72.87
105930,6/11/2024,BQ5853,40:00.0,20:00.0,1,3.54,130,20,88,J16W,18-44737-002             ,1,2.17,61.3
105930,6/12/2024,BR5840,10:00.0,20:00.0,1,1.17,29,10,88,J16W,18-67526-040             ,2.5,1.21,103.42
105930,6/13/2024,BR4259,10:00.0,20:00.0,1,1.17,17,25,88,J16W,12-28678-001             ,2,0.57,48.72
105930,6/14/2024,BQ5853,40:00.0,20:00.0,1,3.55,108,20,88,J16W,18-44737-002             ,1,1.8,50.7
105930,6/15/2024,BQ5853,40:00.0,20:00.0,1,2.67,126,20,88,J16W,18-44737-002             ,1,2.1,78.65
105930,6/17/2024,BQ5853,40:00.0,20:00.0,1,3.54,140,20,88,J16W,18-44737-002             ,1,2.33,65.82
105930,6/18/2024,BQ5853,40:00.0,20:00.0,1,3.54,160,20,88,J16W,18-44737-002             ,1,2.67,75.42
105930,6/20/2024,BR2988,15:00.0,20:00.0,1,1.08,12,10,88,J16W,18-71533-002             ,5,1,92.59
105930,9/13/2024,XA7261,30:00.0,30:45.0,1,2.67,41,10,88,J16W,18-64537-002             ,4.4,3.01,112.73
105930,10/12/2024,XF1677,40:00.0,30:00.0,1,4.5,45,10,88,J16W,F18-68687-006            ,5,3.75,83.33
105930,11/12/2024,XF2562,00:00.0,20:00.0,1,5,96,10,88,J16W,18-72771-010             ,5,8,160
105930,11/13/2024,XF2562,40:00.0,00:00.0,1,1.33,20,10,88,J16W,18-72771-010             ,5,1.67,125.56
105930,11/25/2024,XF7854,00:00.0,45:00.0,1,3.42,50,10,88,J16W,18-72771-012             ,5,4.17,121.93
105930,1/2/2025,XH8107,10:00.0,00:00.0,1,0.83,30,10,88,J16W,A18-66872-002            ,1,0.5,60.24
105930,1/3/2025,XF5813,30:00.0,20:00.0,1,5.25,91,20,88,J16W,04-35196-103             ,2,3.03,57.71
105930,1/6/2025,XH6367,10:00.0,20:19.0,1,6.58,25,10,88,J16W,18-67273-102             ,5,2.08,31.61
105930,1/7/2025,XH1511,45:00.0,50:27.0,1,2.08,25,10,88,J16W,18-71533-002             ,5,2.08,100
105930,1/7/2025,XH6369,40:00.0,00:00.0,1,1.08,15,10,88,J16W,18-67273-106             ,5,1.25,115.74
105930,1/7/2025,XH6370,00:26.0,35:18.0,1,0.58,8,10,88,J16W,18-67273-108             ,5,0.67,115.52
105930,1/10/2025,XI2065,10:27.0,20:32.0,1,2.92,100,10,88,J16W,A18-66872-002            ,1,1.67,57.19
105930,1/13/2025,BS8446,10:00.0,20:08.0,1,6.58,85,10,88,J16W,18-64537-006             ,5.38,7.62,115.81
105930,1/14/2025,BT0988,10:00.0,30:00.0,1,1.33,25,25,88,J16W,12-28678-001             ,2,0.83,62.41
105930,1/17/2025,XH6368,50:00.0,20:00.0,1,0.5,10,10,88,J16W,18-67273-105             ,5,0.83,166
105930,1/17/2025,XH6370,30:00.0,30:00.0,1,3.67,42,10,88,J16W,18-67273-108             ,5,3.5,95.37
105930,1/21/2025,BT0689,30:56.0,19:54.0,1,1.82,40,10,88,J16W,18-64537-006             ,5.38,3.59,197.25
105930,1/29/2025,XH1300,30:00.0,20:00.0,1,0.83,15,10,88,J16W,18-72771-011             ,5,1.25,150.6
105930,2/4/2025,BT1776,30:00.0,30:00.0,1,2,12,10,88,J16W,18-64537-007             ,10,2,100
105930,2/5/2025,BT1742,31:00.0,30:00.0,1,4.65,120,10,88,J16W,18-64537-006             ,5.38,10.76,231.4
105930,2/7/2025,BT4322,30:00.0,45:00.0,1,0.25,7,10,88,J16W,18-36742-030             ,2.49,0.29,116
107377,2/5/2025,XH1662,02:42.0,02:45.0,1,3.72,50,10,88,J16W,18-72771-011             ,5,4.17,112.1
107377,2/6/2025,XH7001,13:39.0,21:44.0,1,3.13,33,10,88,J16W,18-67526-060             ,3.5,1.93,61.66
107377,2/7/2025,XG3493,40:00.0,20:00.0,1,7.08,63,10,88,J16W,18-44668-004             ,5.5,5.78,81.64
107377,2/12/2025,XH2758,27:00.0,20:00.0,1,6.3,60,10,88,J16W,18-72771-013             ,5,5,79.37
107377,2/24/2025,XI2320,04:57.0,18:43.0,1,5.65,55,10,88,J16W,F18-68687-006            ,5,4.58,81.06
107377,2/25/2025,XI2320,14:39.0,04:51.0,1,3.52,37,10,88,J16W,F18-68687-006            ,5,3.08,87.5
107377,2/25/2025,XI4360,20:00.0,20:00.0,1,1,12,10,88,J16W,18-67526-060             ,3.5,0.7,70
107377,2/27/2025,XH6425,04:00.0,10:00.0,1,4.77,58,10,88,J16W,18-72771-011             ,5,4.83,101.26
107377,2/28/2025,BT4537,33:37.0,30:20.0,1,2.7,35,30,88,J16W,18-71760-020             ,3.25,1.9,70.37
107377,2/28/2025,XH3049,28:38.0,15:14.0,1,0.78,10,10,88,J16W,18-44668-004             ,5.5,0.92,117.95
107377,3/3/2025,XH3049,18:06.0,18:53.0,1,2.75,30,10,88,J16W,18-44668-004             ,5.5,2.75,100
107377,3/3/2025,XI8110,15:00.0,20:00.0,1,3,31,10,88,J16W,18-67273-102             ,5,2.58,86
107377,3/4/2025,XI3510,25:08.0,45:17.0,1,4.75,98,20,88,J16W,04-35196-103             ,2,3.27,68.84
107377,3/4/2025,XI8354,54:00.0,20:00.0,1,0.43,3,10,88,J16W,18-67526-060             ,3.5,0.18,41.86
107377,3/11/2025,XI2078,30:00.0,20:00.0,1,6.25,66,10,88,J16W,18-72771-013             ,5,5.5,88
107377,3/12/2025,BT5923,56:16.0,07:22.0,1,0.18,2,10,88,J16W,18-67525-040             ,3,0.1,55.56
107377,3/18/2025,XI3927,52:00.0,20:00.0,1,3.13,28,10,88,J16W,18-72771-012             ,5,2.33,74.44
107377,3/24/2025,XI2056,07:00.0,20:00.0,1,3.88,20,10,88,J16W,18-44668-004             ,5.5,1.83,47.16
107377,3/27/2025,XJ3701,40:00.0,20:00.0,1,0.67,10,10,88,J16W,18-67273-105             ,5,0.83,123.88
107377,3/28/2025,XI2541,35:00.0,20:00.0,1,0.75,30,25,88,J16W,A03-43818-000            ,1.5,0.75,100
107377,3/31/2025,XI3770,43:58.0,52:53.0,1,2.9,30,10,88,J16W,18-72771-013             ,5,2.5,86.21
107377,4/1/2025,XI8529,37:00.0,20:00.0,1,4.38,38,10,88,J16W,F18-68687-006            ,5,3.17,72.37
107377,4/2/2025,XI8529,44:00.0,20:00.0,1,6.6,45,10,88,J16W,F18-68687-006            ,5,3.75,56.82
107377,4/3/2025,XI2693,20:00.0,20:00.0,1,2,62,10,88,J16W,A18-66872-002            ,1,1.03,51.5
107377,4/3/2025,XI8529,40:00.0,27:33.0,1,2.53,25,10,88,J16W,F18-68687-006            ,5,2.08,82.21
107377,4/4/2025,XI2693,40:00.0,44:00.0,1,2.82,148,10,88,J16W,A18-66872-002            ,1,2.47,87.59
107377,4/4/2025,XJ3703,11:27.0,55:59.0,1,1.58,15,10,88,J16W,18-67273-108             ,5,1.25,79.11
110420,5/21/2024,XC6061,40:00.0,20:00.0,2,7.08,75,10,88,J16W,F18-68687-006            ,5,6.25,88.28
110420,5/22/2024,XD1429,10:00.0,10:00.0,2,1,10,10,88,J16W,18-67273-102             ,5,0.83,83
110420,5/22/2024,XD1430,40:00.0,40:00.0,2,0.92,10,10,88,J16W,18-67273-105             ,5,0.83,90.22
110420,5/22/2024,XD1431,10:00.0,10:00.0,2,0.83,10,10,88,J16W,18-67273-106             ,5,0.83,100
110420,5/22/2024,XD1433,40:00.0,10:00.0,2,0.5,5,10,88,J16W,18-67273-109             ,5,0.42,84
110420,5/22/2024,XD1434,40:00.0,10:00.0,2,0.5,6,10,88,J16W,18-67273-111             ,5,0.5,100
110420,5/22/2024,XD1435,40:00.0,50:00.0,2,0.17,3,10,88,J16W,18-67273-166             ,5,0.25,147.06
110420,5/22/2024,XD1439,10:00.0,20:00.0,2,0.17,5,10,88,J16W,18-67273-240             ,5,0.42,247.06
110420,5/28/2024,XC2467,40:00.0,30:00.0,2,0.83,17,20,88,J16W,04-35196-103             ,2,0.57,68.67
110420,5/29/2024,XD1429,30:00.0,00:00.0,2,0.5,5,10,88,J16W,18-67273-102             ,5,0.42,84
110420,5/29/2024,XD1430,00:00.0,30:00.0,2,0.5,10,10,88,J16W,18-67273-105             ,5,0.83,166
110420,5/29/2024,XD1431,30:00.0,00:00.0,2,0.5,10,10,88,J16W,18-67273-106             ,5,0.83,166
110420,5/29/2024,XD1432,00:00.0,30:00.0,2,0.5,3,10,88,J16W,18-67273-108             ,5,0.25,50
110420,5/29/2024,XD1436,10:00.0,30:00.0,2,2.75,29,10,88,J16W,18-67273-202             ,5,2.42,88
110420,5/30/2024,XB3996,00:00.0,20:00.0,2,5,70,10,88,J16W,18-72771-011             ,5,5.83,116.6
110420,5/30/2024,XD1436,40:00.0,30:00.0,2,1.83,22,10,88,J16W,18-67273-202             ,5,1.83,100
110420,5/31/2024,XB5040,40:00.0,20:00.0,2,7.08,81,30,88,J16W,18-44668-004             ,5.5,7.43,104.94
110420,6/1/2024,XB5040,40:00.0,20:00.0,2,5.67,62,30,88,J16W,18-44668-004             ,5.5,5.68,100.18
110420,6/3/2024,BR4693,20:00.0,30:00.0,2,0.17,25,10,88,J16W,18-67525-020             ,0.85,0.35,205.88
110420,6/3/2024,XB5040,40:00.0,00:00.0,2,3.08,34,30,88,J16W,18-44668-004             ,5.5,3.12,101.3
110420,6/5/2024,XD1430,00:00.0,45:00.0,2,1.42,25,10,88,J16W,18-67273-105             ,5,2.08,146.48
110420,6/5/2024,XD1431,45:00.0,45:00.0,2,1,15,10,88,J16W,18-67273-106             ,5,1.25,125
110420,6/5/2024,XD1433,45:00.0,20:00.0,2,0.58,8,10,88,J16W,18-67273-109             ,5,0.67,115.52
110420,6/6/2024,XC6848,17:00.0,20:00.0,2,4.72,70,10,88,J16W,18-72771-013             ,5,5.83,123.52
110420,6/10/2024,BR7687,30:00.0,30:00.0,2,1.67,79,30,88,J16W,15-31345-000             ,2,2.63,157.49
110420,6/10/2024,XC2007,40:00.0,30:00.0,2,2.58,100,10,88,J16W,A18-66872-003            ,1,1.67,64.73
110420,6/10/2024,XD1436,00:00.0,20:00.0,2,1.33,30,10,88,J16W,18-67273-202             ,5,2.5,187.97
110420,6/11/2024,BR5840,00:00.0,20:00.0,2,0.33,6,10,88,J16W,18-67526-040             ,2.5,0.25,75.76
110420,6/11/2024,XD1431,40:00.0,00:00.0,2,1.33,13,10,88,J16W,18-67273-106             ,5,1.08,81.2
110420,6/11/2024,XD1432,00:00.0,30:00.0,2,0.5,5,10,88,J16W,18-67273-108             ,5,0.42,84
110420,6/11/2024,XD1434,30:00.0,00:00.0,2,0.25,5,10,88,J16W,18-67273-111             ,5,0.42,168
110420,6/12/2024,XC5666,40:00.0,20:00.0,2,7.08,442,30,88,J16W,18-74430-000             ,1,7.37,104.1
110420,6/14/2024,BR7426,11:00.0,20:00.0,2,1.15,26,10,88,J16W,03-44574-000             ,3,1.3,113.04
110420,6/15/2024,BR7426,40:18.0,17:05.0,2,1.62,31,10,88,J16W,03-44574-000             ,3,1.55,95.68
110420,6/15/2024,XD7492,34:00.0,20:00.0,2,3.77,47,10,88,J16W,18-67273-202             ,5,3.92,103.98
110420,6/18/2024,XC7098,00:00.0,20:00.0,2,0.33,3,10,88,J16W,18-72771-012             ,5,0.25,75.76
110420,6/19/2024,XC7098,40:00.0,40:00.0,2,1.83,25,10,88,J16W,18-72771-012             ,5,2.08,113.66
110420,6/20/2024,XD7485,40:00.0,10:00.0,2,1.5,20,10,88,J16W,18-67273-102             ,5,1.67,111.33
110420,6/20/2024,XD7486,00:00.0,50:00.0,2,0.83,8,10,88,J16W,18-67273-105             ,5,0.67,80.72
110420,6/20/2024,XD7487,10:00.0,10:00.0,2,2.58,35,10,88,J16W,18-67273-106             ,5,2.92,113.18
110420,6/20/2024,XD7488,10:00.0,45:00.0,2,0.42,5,10,88,J16W,18-67273-108             ,5,0.42,100
110420,6/20/2024,XD7490,45:00.0,10:00.0,2,0.42,5,10,88,J16W,18-67273-111             ,5,0.42,100
110420,6/20/2024,XD7493,10:00.0,00:00.0,2,0.83,10,10,88,J16W,18-67273-203             ,5,0.83,100
110420,6/22/2024,XB5040,40:00.0,20:00.0,2,5.67,57,30,88,J16W,18-44668-004             ,5.5,5.23,92.24
110420,7/2/2024,BR9798,00:00.0,30:00.0,2,0.5,4,10,88,J16W,A03-34518-001            ,3.5,0.23,46
110420,7/3/2024,XD2232,21:14.0,12:08.0,2,0.85,30,20,88,J16W,04-35196-103             ,2,1,117.65
110420,7/8/2024,XD2232,30:00.0,20:00.0,2,4.5,125,20,88,J16W,04-35196-103             ,2,4.17,92.67
110420,7/8/2024,XD7489,40:00.0,50:00.0,2,0.17,1,10,88,J16W,18-67273-109             ,5,0.08,47.06
110420,7/8/2024,XE3365,50:00.0,00:00.0,2,1.92,30,10,88,J16W,18-67273-203             ,5,2.5,130.21
110420,7/13/2024,XC8162,47:00.0,20:00.0,2,1.55,35,10,88,J16W,18-72771-011             ,5,2.92,188.39
110420,7/20/2024,XD8417,37:00.0,21:39.0,2,5.73,66,10,88,J16W,F18-68687-006            ,5,5.5,95.99
110420,7/20/2024,XD8417,40:00.0,31:00.0,2,0.85,9,10,88,J16W,F18-68687-006            ,5,0.75,88.24
110420,7/23/2024,XD8417,40:00.0,20:00.0,2,7.08,86,10,88,J16W,F18-68687-006            ,5,7.17,101.27
110420,7/24/2024,XC6256,24:19.0,25:44.0,2,1.77,90,10,88,J16W,A18-66872-003            ,1,1.5,84.75
110420,7/24/2024,XC8351,40:00.0,57:44.0,2,1.28,37,10,88,J16W,A18-66872-002            ,1,0.62,48.44
110420,7/24/2024,XE3365,55:00.0,20:00.0,2,3.08,45,10,88,J16W,18-67273-203             ,5,3.75,121.75
110420,7/25/2024,BR3500,20:00.0,20:00.0,2,2,25,30,88,J16W,18-71760-020             ,3.25,1.35,67.5
110420,7/25/2024,XC6467,40:00.0,00:00.0,2,4.08,55,10,88,J16W,22-57164-010             ,5,4.58,112.25
110420,7/26/2024,BR5863,25:00.0,30:00.0,2,0.08,1,10,88,J16W,A66-34768-000            ,5,0.08,100
110420,7/27/2024,XC8336,44:02.0,20:52.0,2,5.6,61,30,88,J16W,18-44668-004             ,5.5,5.59,99.82
110420,7/28/2024,XC8336,40:00.0,25:00.0,2,4.75,52,30,88,J16W,18-44668-004             ,5.5,4.77,100.42
110420,8/1/2024,XD3423,00:00.0,20:00.0,2,2.33,24,10,88,J16W,18-72771-013             ,5,2,85.84
110420,8/2/2024,XD2960,40:00.0,15:00.0,2,1.33,30,10,88,J16W,A18-66872-003            ,1,0.5,37.59
110420,8/2/2024,XE4745,45:00.0,00:00.0,2,0.25,3,20,88,J16W,A04-27869-016            ,5.1,0.26,104
110420,8/3/2024,XC7107,11:00.0,20:00.0,2,3.15,234,30,88,J16W,18-74430-000             ,1,3.9,123.81
110420,8/4/2024,XC7107,40:00.0,20:00.0,2,5.67,360,30,88,J16W,18-74430-000             ,1,6,105.82
110420,8/6/2024,XD8253,10:00.0,20:00.0,2,1.17,38,10,88,J16W,22-78696-000             ,1.2,0.76,64.96
110420,8/7/2024,BS1119,45:00.0,20:00.0,2,0.58,72,10,88,J16W,18-67526-040             ,2.5,3,517.24
110420,8/8/2024,XE3359,40:00.0,30:00.0,2,0.83,10,10,88,J16W,18-67273-102             ,5,0.83,100
110420,8/8/2024,XE3360,30:00.0,00:00.0,2,0.5,5,10,88,J16W,18-67273-105             ,5,0.42,84
110420,8/8/2024,XE3361,00:00.0,30:00.0,2,1.25,20,10,88,J16W,18-67273-106             ,5,1.67,133.6
110420,8/8/2024,XE3362,30:00.0,00:00.0,2,0.5,4,10,88,J16W,18-67273-108             ,5,0.33,66
110420,8/8/2024,XE3365,00:00.0,45:00.0,2,0.75,8,10,88,J16W,18-67273-203             ,5,0.67,89.33
110420,8/8/2024,XE3365,45:00.0,20:00.0,2,3.25,31,10,88,J16W,18-67273-203             ,5,2.58,79.38
110420,8/9/2024,XD7939,00:00.0,20:00.0,2,2.33,60,30,88,J16W,22-74602-000             ,1,1,42.92
110420,8/9/2024,XE4194,40:00.0,30:00.0,2,3.25,41,10,88,J16W,F18-68687-006            ,5,3.42,105.23
110420,8/10/2024,XD7889,21:00.0,20:00.0,2,3.98,52,10,88,J16W,18-72771-012             ,5,4.33,108.79
110420,8/12/2024,XE0176,40:00.0,10:08.0,2,1.5,20,10,88,J16W,18-72771-010             ,5,1.67,111.33
110420,8/15/2024,XD7873,40:00.0,00:00.0,2,2.08,126,10,88,J16W,A18-66872-003            ,1,2.1,100.96
110420,8/15/2024,XD9841,45:00.0,20:00.0,2,4.25,52,10,88,J16W,18-72771-013             ,5,4.33,101.88
110420,8/22/2024,XD9290,40:00.0,20:00.0,2,7.08,90,10,88,J16W,18-72771-012             ,5,7.5,105.93
110420,8/26/2024,BS3213,40:00.0,20:00.0,2,7.08,83,10,88,J16W,18-44668-004             ,5.5,7.61,107.49
110420,8/27/2024,BS3213,40:00.0,20:00.0,2,7.08,85,10,88,J16W,18-44668-004             ,5.5,7.79,110.03
110420,8/28/2024,XD9289,45:00.0,20:00.0,2,4.25,70,10,88,J16W,18-72771-011             ,5,5.83,137.18
110420,8/29/2024,XE9603,30:00.0,30:00.0,2,1.67,25,10,88,J16W,18-67273-102             ,5,2.08,124.55
110420,8/29/2024,XE9604,30:00.0,00:00.0,2,0.5,6,10,88,J16W,18-67273-105             ,5,0.5,100
110420,8/29/2024,XE9605,00:00.0,30:00.0,2,1.5,25,10,88,J16W,18-67273-106             ,5,2.08,138.67
110420,8/29/2024,XE9606,30:00.0,20:00.0,2,0.83,8,10,88,J16W,18-67273-108             ,5,0.67,80.72
110420,8/29/2024,XE9609,40:00.0,30:00.0,2,2.58,36,10,88,J16W,18-67273-203             ,5,3,116.28
110420,9/4/2024,XE0317,17:52.0,22:42.0,2,1.08,27,10,88,J16W,18-72771-011             ,5,2.25,208.33
110420,9/4/2024,XE4494,30:49.0,22:35.0,2,5.28,80,10,88,J16W,18-72771-010             ,5,6.67,126.33
110420,9/5/2024,XE9603,16:50.0,47:54.0,2,1.27,10,10,88,J16W,18-67273-102             ,5,0.83,65.35
110420,9/5/2024,XE9604,48:08.0,17:27.0,2,0.48,7,10,88,J16W,18-67273-105             ,5,0.58,120.83
110420,9/5/2024,XE9605,17:44.0,38:54.0,2,0.35,6,10,88,J16W,18-67273-106             ,5,0.5,142.86
110420,9/5/2024,XE9606,39:07.0,43:54.0,2,0.07,5,10,88,J16W,18-67273-108             ,5,0.42,600
110420,9/5/2024,XE9608,44:16.0,52:31.0,2,0.13,2,10,88,J16W,18-67273-111             ,5,0.17,130.77
110420,9/5/2024,XE9609,53:07.0,16:35.0,2,0.38,2,10,88,J16W,18-67273-203             ,5,0.17,44.74
110420,9/5/2024,XE9610,53:10.0,20:57.0,2,0.45,7,10,88,J16W,18-67273-204             ,5,0.58,128.89
110420,9/7/2024,BS3338,44:06.0,29:49.0,2,3.75,92,10,88,J16W,18-67526-040             ,2.5,3.83,102.13
110420,9/7/2024,XF0882,13:06.0,21:12.0,2,1.13,12,10,88,J16W,22-57164-010             ,5,1,88.5
110420,9/9/2024,XD2095,44:09.0,20:34.0,2,1.6,129,30,88,J16W,18-74430-000             ,1,2.15,134.38
110420,9/10/2024,BS2015,00:00.0,11:04.0,2,2.85,45,10,88,J16W,18-64537-006             ,5.38,4.04,141.75
110420,9/10/2024,X94404,30:00.0,20:00.0,2,1.83,40,10,88,J16W,18-64537-002             ,4.4,2.93,160.11
110420,9/11/2024,XE5847,15:00.0,20:00.0,2,4.75,48,10,88,J16W,18-72771-013             ,5,4,84.21
110420,9/12/2024,XE9603,20:00.0,20:00.0,2,1,12,10,88,J16W,18-67273-102             ,5,1,100
110420,9/13/2024,BR8198,45:00.0,20:00.0,2,2.58,65,30,88,J16W,18-71760-020             ,3.25,3.52,136.43
110420,9/13/2024,BS2253,50:00.0,51:00.0,2,0.02,2,10,88,J16W,18-67526-020             ,0.5,0.02,100
110420,9/17/2024,XE3709,00:00.0,20:00.0,2,3,50,10,88,J16W,18-71533-000             ,5,4.17,139
110420,9/17/2024,XE9640,30:00.0,30:00.0,2,1.75,25,10,88,J16W,18-71533-002             ,5,2.08,118.86
110420,9/18/2024,XE4698,43:39.0,56:22.0,2,1.22,12,10,88,J16W,18-72771-012             ,5,1,81.97
110420,9/18/2024,XE5678,00:00.0,00:00.0,2,5.42,71,10,88,J16W,18-72771-011             ,5,5.92,109.23
110420,9/19/2024,XF5616,25:00.0,50:00.0,2,0.42,5,10,88,J16W,18-67273-102             ,5,0.42,100
110420,9/19/2024,XF5617,50:00.0,20:00.0,2,0.5,5,10,88,J16W,18-67273-105             ,5,0.42,84
110420,9/19/2024,XF5618,20:00.0,20:00.0,2,3.67,45,10,88,J16W,18-67273-106             ,5,3.75,102.18
110420,9/20/2024,XE6286,00:00.0,20:00.0,2,5,54,10,88,J16W,F18-68687-006            ,5,4.5,90
110420,9/21/2024,XE6286,05:00.0,20:00.0,2,6.67,72,10,88,J16W,F18-68687-006            ,5,6,89.96
110420,9/24/2024,BS4147,30:00.0,45:00.0,2,0.25,3,10,88,J16W,18-67525-020             ,0.85,0.04,16
110420,9/24/2024,XE6508,40:00.0,00:00.0,2,4.08,41,10,88,J16W,18-72771-013             ,5,3.42,83.82
110420,9/26/2024,XF5616,30:00.0,00:00.0,2,0.5,5,10,88,J16W,18-67273-102             ,5,0.42,84
110420,9/26/2024,XF5617,00:00.0,30:00.0,2,0.5,5,10,88,J16W,18-67273-105             ,5,0.42,84
110420,9/26/2024,XF5618,30:00.0,30:00.0,2,1,12,10,88,J16W,18-67273-106             ,5,1,100
110420,9/26/2024,XF5620,30:00.0,00:00.0,2,0.5,5,10,88,J16W,18-67273-109             ,5,0.42,84
110420,9/26/2024,XF5622,40:00.0,30:00.0,2,4.25,58,10,88,J16W,18-67273-203             ,5,4.83,113.65
110420,9/27/2024,BS2879,30:00.0,20:00.0,2,1.83,40,25,88,J16W,12-28678-001             ,2,1.33,72.68
110420,9/27/2024,XE5853,10:00.0,00:00.0,2,2.58,161,30,88,J16W,18-74430-000             ,1,2.68,103.88
110420,9/30/2024,BS7704,40:00.0,15:00.0,2,2.33,52,10,88,J16W,03-44574-000             ,3,2.6,111.59
110420,9/30/2024,XE5511,45:00.0,45:00.0,2,2.67,28,10,88,J16W,18-71533-001             ,5,2.33,87.27
110420,9/30/2024,XF1497,00:00.0,20:00.0,2,1.33,20,10,88,J16W,22-57164-010             ,5,1.67,125.56
110420,10/1/2024,XF0358,40:00.0,20:00.0,2,7.08,78,10,88,J16W,18-44668-004             ,5.5,7.15,100.99
110420,10/2/2024,XF1155,30:00.0,20:00.0,2,4.5,120,20,88,J16W,04-35196-103             ,2,4,88.89
110420,10/3/2024,XF0145,45:00.0,20:00.0,2,4.25,50,10,88,J16W,18-72771-011             ,5,4.17,98.12
110420,10/4/2024,XF5616,40:00.0,00:00.0,2,2.08,25,10,88,J16W,18-67273-102             ,5,2.08,100
110420,10/4/2024,XF5617,00:00.0,25:00.0,2,0.42,5,10,88,J16W,18-67273-105             ,5,0.42,100
110420,10/4/2024,XF5618,25:00.0,30:00.0,2,1.75,25,10,88,J16W,18-67273-106             ,5,2.08,118.86
110420,10/4/2024,XF5619,30:00.0,40:00.0,2,0.17,2,10,88,J16W,18-67273-108             ,5,0.17,100
110420,10/5/2024,BP9296,55:08.0,51:52.0,2,0.93,8,10,88,J16W,18-72771-014             ,5,0.67,72.04
110420,10/5/2024,BS4919,37:06.0,08:44.0,2,2.52,87,30,88,J16W,15-31345-000             ,2,2.9,115.08
110420,10/8/2024,XF0406,00:00.0,20:00.0,2,4,300,30,88,J16W,18-74430-000             ,1,5,125
110420,10/11/2024,XF1677,40:00.0,20:00.0,2,7.08,75,10,88,J16W,F18-68687-006            ,5,6.25,88.28
110420,10/14/2024,XE5508,50:00.0,20:00.0,2,5.92,80,10,88,J16W,18-64537-002             ,4.4,5.87,99.16
110420,10/15/2024,BS4767,00:00.0,10:00.0,2,0.08,10,10,88,J16W,18-72246-001             ,1,0.17,212.5
110420,10/15/2024,BS4768,00:00.0,10:00.0,2,0.08,10,10,88,J16W,18-72246-002             ,1,0.17,212.5
110420,10/15/2024,XF5616,40:00.0,50:00.0,2,3.83,40,10,88,J16W,18-67273-102             ,5,3.33,86.95
110420,10/15/2024,XF5617,50:00.0,20:00.0,2,0.5,4,10,88,J16W,18-67273-105             ,5,0.33,66
110420,10/16/2024,XF5616,30:00.0,30:00.0,2,2.75,32,10,88,J16W,18-67273-102             ,5,2.67,97.09
110420,10/16/2024,XF5621,40:00.0,00:00.0,2,0.33,3,10,88,J16W,18-67273-111             ,5,0.25,75.76
110420,10/16/2024,XF5622,00:00.0,30:00.0,2,0.5,5,10,88,J16W,18-67273-203             ,5,0.42,84
110420,10/17/2024,XF0396,40:00.0,50:00.0,2,2.92,24,10,88,J16W,18-72771-012             ,5,2,68.49
110420,10/22/2024,BS4284,40:00.0,20:00.0,2,1.67,93,10,88,J16W,22-78118-010             ,1,1.55,92.81
110420,10/23/2024,XG1644,10:00.0,40:00.0,2,0.33,5,10,88,J16W,18-67273-102             ,5,0.42,127.27
110420,10/23/2024,XG1645,40:00.0,40:00.0,2,1.92,21,10,88,J16W,18-67273-105             ,5,1.75,91.15
110420,10/23/2024,XG1646,40:00.0,40:00.0,2,0.67,20,10,88,J16W,18-67273-106             ,5,1.67,249.25
110420,10/23/2024,XG1647,40:00.0,10:00.0,2,0.5,5,10,88,J16W,18-67273-108             ,5,0.42,84
110420,10/23/2024,XG1649,10:00.0,40:00.0,2,0.5,5,10,88,J16W,18-67273-111             ,5,0.42,84
110420,10/23/2024,XG1650,40:00.0,40:00.0,2,1,5,10,88,J16W,18-67273-203             ,5,0.42,42
110420,10/23/2024,XG1651,10:00.0,10:00.0,2,1,11,10,88,J16W,18-67273-204             ,5,0.92,92
110420,10/24/2024,BS2753,40:00.0,20:00.0,2,0.67,17,10,88,J16W,18-64537-007             ,10,2.83,422.39
110420,10/29/2024,XE5243,05:35.0,25:12.0,2,1.33,90,10,88,J16W,A18-66872-003            ,1,1.5,112.78
110420,10/30/2024,XF0709,10:00.0,20:00.0,2,6.58,73,10,88,J16W,18-44668-004             ,5.5,6.69,101.67
110420,11/2/2024,XE6490,40:00.0,20:00.0,2,1.67,38,10,88,J16W,A18-66872-002            ,1,0.63,37.72
110420,11/4/2024,XF6879,40:00.0,20:00.0,2,3.67,48,10,88,J16W,F18-68687-006            ,5,4,108.99
110420,11/4/2024,XF6879,40:00.0,30:00.0,2,2.58,30,10,88,J16W,F18-68687-006            ,5,2.5,96.9
110420,11/4/2024,XF6879,30:00.0,20:00.0,2,4.5,80,10,88,J16W,F18-68687-006            ,5,6.67,148.22
111370,7/25/2025,BU5216,20:33.0,17:56.0,1,0.48,15,10,88,J16W,18-72246-001             ,1,0.25,52.08
111370,7/25/2025,BU5217,20:00.0,20:00.0,1,0.53,15,10,88,J16W,18-72246-002             ,1,0.25,47.17
136301,3/12/2024,XA2290,10:08.0,20:48.0,3,6.58,85,10,88,J16W,F18-68687-006            ,5,7.08,107.6
136301,3/14/2024,BQ9227,12:10.0,22:55.0,3,6.58,175,10,88,J16W,18-67525-030             ,2.4,7,106.38
136301,3/15/2024,BQ9227,10:36.0,30:01.0,3,3,75,10,88,J16W,18-67525-030             ,2.4,3,100
136301,3/15/2024,X96844,00:00.0,21:17.0,3,3.1,180,30,88,J16W,18-74430-000             ,1,3,96.77
136301,3/16/2024,X96844,10:18.0,55:29.0,3,2.75,148,30,88,J16W,18-74430-000             ,1,2.47,89.82
136301,3/19/2024,XA9197,54:41.0,21:41.0,3,1.45,16,10,88,J16W,F18-68687-006            ,5,1.33,91.72
136301,3/20/2024,XA9197,31:32.0,23:03.0,3,5.28,70,10,88,J16W,F18-68687-006            ,5,5.83,110.42
136301,3/21/2024,BQ6545,35:48.0,26:15.0,3,0.85,35,10,88,J16W,18-65698-000             ,1.5,0.88,103.53
136301,3/21/2024,X87589,55:31.0,24:00.0,3,2.48,28,10,88,J16W,18-68687-020             ,5,2.33,93.95
136301,3/22/2024,X87589,02:49.0,10:01.0,3,1.8,37,10,88,J16W,18-68687-020             ,5,3.08,171.11
136301,4/1/2024,XA1459,10:16.0,40:05.0,3,1.5,18,30,88,J16W,18-71760-020             ,3.25,0.98,65.33
136301,4/1/2024,XB9082,00:18.0,20:00.0,3,3.08,36,10,88,J16W,18-69349-004             ,5,3,97.4
136301,4/2/2024,XA1459,10:00.0,20:00.0,3,6.58,66,30,88,J16W,18-71760-020             ,3.25,3.58,54.41
136301,4/3/2024,XA6802,39:40.0,43:15.0,3,2.82,522,30,88,J16W,18-74430-000             ,1,8.7,308.51
136301,4/3/2024,XB2367,06:11.0,20:00.0,3,0.23,4,10,88,J16W,F18-68687-006            ,5,0.33,143.48
136301,4/4/2024,XB2367,21:42.0,20:01.0,3,6.4,87,10,88,J16W,F18-68687-006            ,5,7.25,113.28
136301,4/5/2024,XB2367,10:23.0,21:10.0,3,6.6,72,10,88,J16W,F18-68687-006            ,5,6,90.91
136301,4/8/2024,BR0486,10:12.0,50:01.0,3,0.67,40,10,88,J16W,04-31977-000             ,1,0.67,100
136301,4/9/2024,BQ6342,12:00.0,10:00.0,3,4.38,124,10,88,J16W,18-67526-040             ,2.5,5.17,118.04
136301,4/9/2024,BQ8006,40:00.0,00:05.0,3,0.33,6,10,88,J16W,18-67525-040             ,3,0.3,90.91
136301,4/11/2024,XB9082,30:00.0,21:13.0,3,3.6,48,10,88,J16W,18-69349-004             ,5,4,111.11
136301,4/12/2024,XA7880,10:51.0,23:52.0,3,1.22,14,10,88,J16W,18-72771-010             ,5,1.17,95.9
136301,4/15/2024,XC0256,15:56.0,20:00.0,3,1.08,21,10,88,J16W,22-57164-010             ,5,1.75,162.04
136301,4/17/2024,XC5097,00:00.0,20:00.0,3,3.08,36,10,88,J16W,18-69349-004             ,5,3,97.4
136301,4/20/2024,BQ8126,15:55.0,21:16.0,3,0.1,1,30,88,J16W,18-71760-020             ,3.25,0.05,50
136301,4/20/2024,BQ9487,30:00.0,44:58.0,3,1.23,36,25,88,J16W,12-28678-001             ,2,1.2,97.56
136301,4/25/2024,XA6791,27:14.0,20:56.0,3,4.5,67,10,88,J16W,18-72771-013             ,5,5.58,124
136301,4/26/2024,XA0766,20:00.0,20:00.0,3,2.75,36,10,88,J16W,18-72771-011             ,5,3,109.09
136301,5/1/2024,XC0001,51:42.0,20:00.0,3,5.9,73,10,88,J16W,F18-68687-006            ,5,6.08,103.05
136301,5/2/2024,XC5081,14:40.0,40:42.0,3,0.43,5,10,88,J16W,18-67273-240             ,5,0.42,97.67
136301,5/3/2024,XA7120,55:30.0,24:33.0,3,3.23,35,10,88,J16W,18-72771-013             ,5,2.92,90.4
136301,5/7/2024,XC5077,51:09.0,20:01.0,3,2.15,29,10,88,J16W,18-67273-203             ,5,2.42,112.56
136301,5/10/2024,XB3583,15:33.0,20:36.0,3,1.08,13,10,88,J16W,18-72771-013             ,5,1.08,100
136301,5/10/2024,XC1849,03:17.0,33:29.0,3,3.92,183,25,88,J16W,A03-43818-000            ,1.5,4.58,116.84
136301,5/16/2024,XA9185,24:15.0,55:47.0,3,1.18,90,10,88,J16W,A18-66872-003            ,1,1.5,127.12
136301,5/16/2024,XB5341,42:24.0,20:36.0,3,2.58,140,10,88,J16W,A18-66872-002            ,1,2.33,90.31
136301,5/18/2024,XC6847,10:45.0,31:48.0,3,4.35,58,10,88,J16W,18-72771-012             ,5,4.83,111.03
136301,5/22/2024,XC6061,12:47.0,20:36.0,3,6.55,75,10,88,J16W,F18-68687-006            ,5,6.25,95.42
136301,5/23/2024,XC7096,26:12.0,21:07.0,3,6.33,70,10,88,J16W,18-72771-010             ,5,5.83,92.1
136301,5/30/2024,XD1434,00:00.0,50:00.0,3,0.83,10,10,88,J16W,18-67273-111             ,5,0.83,100
136301,5/30/2024,XD1435,00:14.0,05:13.0,3,0.08,1,10,88,J16W,18-67273-166             ,5,0.08,100
136301,5/30/2024,XD1437,55:00.0,10:00.0,3,0.25,3,10,88,J16W,18-67273-203             ,5,0.25,100
136301,5/30/2024,XD1439,40:00.0,55:33.0,3,0.17,3,10,88,J16W,18-67273-240             ,5,0.25,147.06
136301,5/31/2024,XB3996,25:36.0,36:06.0,3,2.85,36,10,88,J16W,18-72771-011             ,5,3,105.26
136301,6/1/2024,XB5040,18:00.0,20:00.0,3,2.72,60,30,88,J16W,18-44668-004             ,5.5,5.5,202.21
136301,6/3/2024,XB5040,10:12.0,20:02.0,3,6.58,90,30,88,J16W,18-44668-004             ,5.5,8.25,125.38
136301,6/5/2024,BR2860,12:54.0,31:58.0,3,1.32,26,30,88,J16W,18-71760-020             ,3.25,1.41,106.82
136301,6/6/2024,XD1433,23:00.0,53:02.0,3,0.5,7,10,88,J16W,18-67273-109             ,5,0.58,116
136301,6/6/2024,XD1436,22:17.0,13:05.0,3,2.52,74,10,88,J16W,18-67273-202             ,5,6.17,244.84
136301,6/7/2024,XC6848,28:41.0,44:01.0,3,1.27,35,10,88,J16W,18-72771-013             ,5,2.92,229.92
136301,6/8/2024,XB2349,10:36.0,49:32.0,3,4.32,79,10,88,J16W,18-67526-060             ,3.5,4.61,106.71
136301,6/10/2024,XB9796,26:33.0,20:04.0,3,0.9,24,10,88,J16W,18-68687-020             ,5,2,222.22
136301,6/11/2024,XD1436,31:58.0,27:00.0,3,0.93,31,10,88,J16W,18-67273-202             ,5,2.58,277.42
136301,6/12/2024,BR5840,10:12.0,40:07.0,3,1.5,80,10,88,J16W,18-67526-040             ,2.5,3.33,222
136301,6/13/2024,XC5666,10:00.0,20:24.0,3,6.58,600,30,88,J16W,18-74430-000             ,1,10,151.98
136301,6/14/2024,XD1457,49:49.0,36:12.0,3,3.53,39,10,88,J16W,18-69349-004             ,5,3.25,92.07
136301,6/17/2024,XD7485,42:32.0,17:13.0,3,0.55,10,10,88,J16W,18-67273-102             ,5,0.83,150.91
136301,6/17/2024,XD7487,44:53.0,36:31.0,3,0.87,10,10,88,J16W,18-67273-106             ,5,0.83,95.4
136301,6/17/2024,XD7493,12:29.0,10:18.0,3,0.97,20,10,88,J16W,18-67273-203             ,5,1.67,172.16
136301,6/20/2024,BR2988,37:36.0,42:14.0,3,0.08,1,10,88,J16W,18-71533-002             ,5,0.08,100
136301,6/20/2024,BR7247,45:47.0,13:35.0,3,0.47,30,10,88,J16W,04-31977-000             ,1,0.5,106.38
136301,6/21/2024,XD7513,10:15.0,50:00.0,3,3.33,33,10,88,J16W,18-69349-004             ,5,2.75,82.58
136301,6/24/2024,XB5040,20:00.0,20:00.0,3,4.5,40,30,88,J16W,18-44668-004             ,5.5,3.67,81.56
136301,6/24/2024,X94476,11:42.0,50:55.0,3,0.65,31,10,88,J16W,22-78696-000             ,1.2,0.62,95.38
136301,6/27/2024,BR5791,11:34.0,46:35.0,3,0.58,24,25,88,J16W,12-28678-001             ,2,0.8,137.93
136301,6/28/2024,XC7099,10:00.0,20:00.0,3,6.58,72,10,88,J16W,18-72771-013             ,5,6,91.19
136301,7/3/2024,XC7097,25:11.0,25:35.0,3,4.42,60,10,88,J16W,18-72771-011             ,5,5,113.12
136301,7/4/2024,XC7803,13:29.0,30:00.0,3,4.03,55,10,88,J16W,F18-68687-006            ,5,4.58,113.65
136301,7/11/2024,BR8135,10:12.0,55:39.0,3,1.75,79,10,88,J16W,18-67526-040             ,2.5,3.29,188
136301,7/11/2024,XD4224,29:28.0,20:16.0,3,4.5,87,10,88,J16W,22-78696-000             ,1.2,1.74,38.67
136301,7/12/2024,XD7487,12:15.0,39:23.0,3,0.45,5,10,88,J16W,18-67273-106             ,5,0.42,93.33
136301,7/12/2024,XD7490,05:17.0,16:38.0,3,0.18,2,10,88,J16W,18-67273-111             ,5,0.17,94.44
136301,7/13/2024,BR8715,15:00.0,38:00.0,3,0.38,14,25,88,J16W,15-13932-007             ,1.9,0.44,115.79
136301,7/15/2024,XC7816,30:10.0,21:18.0,3,3.6,64,10,88,J16W,18-72771-013             ,5,5.33,148.06
136301,7/15/2024,XC8162,50:46.0,48:07.0,3,2.63,35,10,88,J16W,18-72771-011             ,5,2.92,111.03
136301,7/16/2024,XD3584,30:36.0,22:19.0,3,1.87,35,10,88,J16W,18-72771-010             ,5,2.92,156.15
136301,7/19/2024,XD7485,03:09.0,26:53.0,3,0.38,5,10,88,J16W,18-67273-102             ,5,0.42,110.53
136301,7/19/2024,XD7486,11:17.0,30:08.0,3,2.07,28,10,88,J16W,18-67273-105             ,5,2.33,112.56
136301,7/19/2024,XD7487,00:05.0,50:02.0,3,0.58,10,10,88,J16W,18-67273-106             ,5,0.83,143.1
136301,7/19/2024,XE3365,20:39.0,50:18.0,3,0.5,5,10,88,J16W,18-67273-203             ,5,0.42,84
136301,7/22/2024,XD1899,02:42.0,20:03.0,3,0.3,13,10,88,J16W,18-72771-011             ,5,1.08,360
136301,7/23/2024,XD3422,25:00.0,53:00.0,3,5.88,100,10,88,J16W,18-72771-012             ,5,8.33,141.67
136301,7/24/2024,BR9131,47:19.0,05:00.0,3,0.3,6,10,88,J16W,18-67525-040             ,3,0.3,100
136301,7/24/2024,XD8417,10:42.0,21:42.0,3,2.85,46,10,88,J16W,F18-68687-006            ,5,3.83,134.39
136301,7/25/2024,XE3359,35:21.0,50:27.0,3,0.25,5,10,88,J16W,18-67273-102             ,5,0.42,168
136301,7/25/2024,XE3360,00:09.0,30:15.0,3,0.25,10,10,88,J16W,18-67273-105             ,5,0.83,332
136301,7/25/2024,XE3361,40:39.0,49:01.0,3,0.15,5,10,88,J16W,18-67273-106             ,5,0.42,280
136301,7/25/2024,XE3362,55:15.0,04:30.0,3,0.15,3,10,88,J16W,18-67273-108             ,5,0.25,166.67
136301,7/25/2024,XE3364,10:14.0,26:26.0,3,1.27,29,10,88,J16W,18-67273-111             ,5,2.42,190.55
136301,7/25/2024,XE3364,17:41.0,46:46.0,3,0.48,10,10,88,J16W,18-67273-111             ,5,0.83,172.92
136301,7/25/2024,XE3365,59:11.0,06:18.0,3,0.12,3,10,88,J16W,18-67273-203             ,5,0.25,208.33
136301,7/26/2024,BR3500,11:07.0,18:17.0,3,5.53,124,30,88,J16W,18-71760-020             ,3.25,6.72,121.52
136301,7/26/2024,BR9305,48:13.0,21:30.0,3,0.55,19,25,88,J16W,12-28678-001             ,2,0.63,114.55
136301,7/29/2024,XC8336,14:31.0,54:18.0,3,5.08,72,30,88,J16W,18-44668-004             ,5.5,6.6,129.92
136301,7/30/2024,BR8668,06:59.0,12:12.0,3,1.1,54,30,88,J16W,15-31345-000             ,2,1.8,163.64
136301,7/30/2024,XC7810,42:50.0,20:17.0,3,0.63,24,10,88,J16W,18-71533-001             ,5,2,317.46
136301,7/30/2024,XD8914,43:26.0,54:32.0,3,1.15,25,10,88,J16W,18-71533-002             ,5,2.08,180.87
136301,7/31/2024,BS2288,56:28.0,15:41.0,3,0.32,9,10,88,J16W,18-67525-040             ,3,0.45,140.63
136301,7/31/2024,XD3109,11:48.0,11:34.0,3,2.67,196,25,88,J16W,A03-43818-000            ,1.5,4.9,183.52
136301,7/31/2024,XE4194,45:55.0,20:01.0,3,2.58,36,10,88,J16W,F18-68687-006            ,5,3,116.28
136301,8/1/2024,XE3359,44:00.0,10:00.0,3,0.42,5,10,88,J16W,18-67273-102             ,5,0.42,100
136301,8/1/2024,XE3360,40:13.0,30:42.0,3,0.83,10,10,88,J16W,18-67273-105             ,5,0.83,100
136301,8/1/2024,XE3369,10:36.0,30:07.0,3,3,37,10,88,J16W,18-67273-240             ,5,3.08,102.67
136301,8/2/2024,XD3423,25:12.0,29:32.0,3,5.48,61,10,88,J16W,18-72771-013             ,5,5.08,92.7
136301,8/5/2024,XC7107,10:00.0,00:00.0,3,3.5,228,30,88,J16W,18-74430-000             ,1,3.8,108.57
136301,8/5/2024,XD2769,45:57.0,20:51.0,3,2.58,35,10,88,J16W,18-72771-011             ,5,2.92,113.18
136301,8/7/2024,XD8253,11:19.0,38:58.0,3,5.87,104,10,88,J16W,22-78696-000             ,1.2,2.08,35.43
136301,8/8/2024,BS1119,10:07.0,50:01.0,3,0.67,16,10,88,J16W,18-67526-040             ,2.5,0.67,100
136301,8/9/2024,BR9967,35:25.0,42:54.0,3,0.12,5,10,88,J16W,18-65698-000             ,1.5,0.13,108.33
136301,8/9/2024,XE4194,14:00.0,21:01.0,3,3.87,44,10,88,J16W,F18-68687-006            ,5,3.67,94.83
136301,8/10/2024,XD7939,21:42.0,21:01.0,3,1,60,30,88,J16W,22-74602-000             ,1,1,100
136301,8/12/2024,XD7889,29:29.0,02:17.0,3,3.97,49,10,88,J16W,18-72771-012             ,5,4.08,102.77
136301,8/12/2024,XE0176,46:14.0,20:17.0,3,1.57,18,10,88,J16W,18-72771-010             ,5,1.5,95.54
136301,8/13/2024,XD8423,15:09.0,20:27.0,3,2.83,31,10,88,J16W,18-72771-013             ,5,2.58,91.17
136301,8/14/2024,XD3421,25:26.0,00:01.0,3,4,55,10,88,J16W,18-72771-011             ,5,4.58,114.5
136301,8/15/2024,XE3369,15:45.0,20:54.0,3,4.5,66,10,88,J16W,18-67273-240             ,5,5.5,122.22
136301,8/16/2024,XD9841,25:12.0,20:01.0,3,6.33,74,10,88,J16W,18-72771-013             ,5,6.17,97.47
136301,8/17/2024,XD8641,18:15.0,20:03.0,3,1.03,12,10,88,J16W,18-72771-011             ,5,1,97.09
136301,8/20/2024,BS3974,53:34.0,01:18.0,3,0.13,20,10,88,J16W,04-31977-000             ,1,0.33,253.85
136301,8/23/2024,XD9290,25:00.0,15:01.0,3,0.83,10,10,88,J16W,18-72771-012             ,5,0.83,100
136301,8/23/2024,XE9603,05:00.0,50:46.0,3,0.75,10,10,88,J16W,18-67273-102             ,5,0.83,110.67
136301,8/23/2024,XE9608,45:21.0,35:01.0,3,3.25,56,10,88,J16W,18-67273-111             ,5,4.67,143.69
136301,8/26/2024,BS4399,40:15.0,47:00.0,3,0.12,5,10,88,J16W,18-65698-000             ,1.5,0.13,108.33
136301,8/26/2024,XD3416,40:09.0,10:10.0,3,2.25,57,10,88,J16W,18-71533-000             ,5,4.75,211.11
136301,8/27/2024,BS3213,10:10.0,20:09.0,3,6.58,81,10,88,J16W,18-44668-004             ,5.5,7.43,112.92
136301,8/28/2024,BS3213,10:25.0,36:34.0,3,4,49,10,88,J16W,18-44668-004             ,5.5,4.49,112.25
136301,8/28/2024,XD8626,00:09.0,21:02.0,3,1.35,74,10,88,J16W,A18-66872-002            ,1,1.23,91.11
136301,8/31/2024,XD9037,14:29.0,20:57.0,3,3.77,59,10,88,J16W,18-67526-060             ,3.5,3.44,91.25
136301,9/5/2024,XE4494,25:25.0,28:30.0,3,5.47,70,10,88,J16W,18-72771-010             ,5,5.83,106.58
136301,9/6/2024,XE9613,04:37.0,30:30.0,3,3.85,55,10,88,J16W,18-67273-207             ,3,2.75,71.43
136301,9/9/2024,XD9927,15:12.0,20:01.0,3,2.08,25,10,88,J16W,18-71533-001             ,5,2.08,100
136301,9/9/2024,XF0882,11:24.0,45:03.0,3,3.98,55,10,88,J16W,22-57164-010             ,5,4.58,115.08
105930,2/18/2025,XH2550,15:00.0,15:00.0,1,0.92,12,10,88,J16W,18-72771-011             ,5,1,108.7
105930,2/19/2025,XH6426,30:00.0,30:00.0,1,1,18,10,88,J16W,18-72771-012             ,5,1.5,150
105930,2/20/2025,XH6426,25:00.0,15:00.0,1,2.58,35,10,88,J16W,18-72771-012             ,5,2.92,113.18
105930,2/26/2025,XH6427,15:00.0,30:00.0,1,8.25,110,10,88,J16W,18-72771-013             ,5,9.17,111.15
105930,3/10/2025,BT2599,30:00.0,34:26.0,1,3.73,94,10,88,J16W,18-64537-006             ,5.38,8.43,226.01
105930,3/11/2025,BT2599,40:00.0,30:00.0,1,3.58,46,10,88,J16W,18-64537-006             ,5.38,4.12,115.08
105930,3/17/2025,XI2323,15:00.0,20:00.0,1,5.5,105,10,88,J16W,18-72771-010             ,5,8.75,159.09
105930,3/18/2025,XI2323,40:00.0,30:00.0,1,0.83,12,10,88,J16W,18-72771-010             ,5,1,120.48
105930,3/18/2025,XI3926,15:00.0,20:00.0,1,5.5,70,10,88,J16W,18-72771-011             ,5,5.83,106
105930,3/19/2025,XH7843,30:00.0,30:00.0,1,2,60,10,88,J16W,18-64537-006             ,5.38,5.38,269
105930,3/20/2025,XH7843,40:00.0,20:00.0,1,3.42,40,10,88,J16W,18-64537-006             ,5.38,3.59,104.97
105930,3/31/2025,XH7843,30:00.0,00:00.0,1,2.17,72,10,88,J16W,18-64537-006             ,5.38,6.46,297.7
105930,4/8/2025,XI3647,10:00.0,00:00.0,1,4.25,120,10,88,J16W,18-64537-006             ,5.38,10.76,253.18
105930,4/10/2025,XI3647,40:00.0,15:00.0,1,2.33,30,10,88,J16W,18-64537-006             ,5.38,2.69,115.45
105930,4/11/2025,XI4716,40:00.0,20:00.0,1,1.67,35,10,88,J16W,18-72771-010             ,5,2.92,174.85
105930,4/11/2025,XJ0026,21:20.0,57:26.0,1,0.6,7,10,88,J16W,18-72771-013             ,5,0.58,96.67
105930,4/14/2025,BT8529,00:00.0,20:00.0,1,2.33,60,10,88,J16W,18-64537-007             ,10,10,429.18
105930,4/14/2025,XI3647,40:00.0,30:16.0,1,4.25,60,10,88,J16W,18-64537-006             ,5.38,5.38,126.59
105930,4/28/2025,XI8725,29:00.0,20:00.0,1,0.85,22,10,88,J16W,18-64537-006             ,5.38,1.97,231.76
105930,4/29/2025,XI8725,40:00.0,20:00.0,1,7.08,128,10,88,J16W,18-64537-006             ,5.38,11.48,162.15
105930,4/30/2025,XI8725,40:00.0,20:00.0,1,7.08,146,10,88,J16W,18-64537-006             ,5.38,13.09,184.89
105930,5/15/2025,XJ0611,20:00.0,20:00.0,1,4.67,130,10,88,J16W,18-64537-006             ,5.38,11.66,249.68
105930,5/19/2025,XJ0611,40:00.0,20:00.0,1,7.08,170,10,88,J16W,18-64537-006             ,5.38,15.24,215.25
105930,5/27/2025,XJ4037,10:00.0,20:00.0,1,6.58,120,10,88,J16W,18-64537-006             ,5.38,10.76,163.53
105930,5/29/2025,XJ4037,30:00.0,20:00.0,1,4.5,60,10,88,J16W,18-64537-006             ,5.38,5.38,119.56
105930,6/2/2025,XJ4037,40:00.0,20:00.0,1,7.08,180,10,88,J16W,18-64537-006             ,5.38,16.14,227.97
105930,6/10/2025,XJ5452,01:00.0,20:00.0,1,0.32,10,10,88,J16W,18-64537-006             ,2,0.33,103.13
105930,6/11/2025,XJ5452,30:00.0,20:00.0,1,3.5,114,10,88,J16W,18-64537-006             ,2,3.8,108.57
105930,6/12/2025,XJ5452,40:00.0,30:00.0,1,1.58,60,10,88,J16W,18-64537-006             ,2,2,126.58
105930,6/16/2025,XJ5452,42:00.0,20:00.0,1,0.63,16,10,88,J16W,18-64537-006             ,2,0.53,84.13
105930,6/17/2025,XJ5452,40:00.0,05:00.0,1,1.42,44,10,88,J16W,18-64537-006             ,2,1.47,103.52
105930,6/26/2025,XJ9863,45:00.0,20:00.0,1,4.25,100,10,88,J16W,18-64537-006             ,2,3.33,78.35
105930,6/27/2025,XJ9863,40:00.0,20:00.0,1,3.42,80,10,88,J16W,18-64537-006             ,2,2.67,78.07
105930,6/30/2025,XJ9863,40:00.0,02:00.0,1,2.12,60,10,88,J16W,18-64537-006             ,2,2,94.34
105930,7/1/2025,XL1275,20:00.0,20:00.0,1,1,24,10,88,J16W,18-72771-010             ,5,2,200
105930,7/2/2025,XL1275,10:00.0,20:00.0,1,1.92,29,10,88,J16W,18-72771-010             ,5,2.42,126.04
105930,7/8/2025,XL1275,10:00.0,30:00.0,1,2.08,39,10,88,J16W,18-72771-010             ,5,3.25,156.25
105930,7/9/2025,XL1275,35:00.0,00:00.0,1,1.25,31,10,88,J16W,18-72771-010             ,5,2.58,206.4
105930,7/10/2025,XL1275,40:00.0,00:00.0,1,1.33,20,10,88,J16W,18-72771-010             ,5,1.67,125.56
105930,7/10/2025,XL1276,45:00.0,20:00.0,1,5.25,71,10,88,J16W,18-72771-013             ,5,5.92,112.76
105930,7/11/2025,XL1276,40:00.0,20:00.0,1,7.08,100,10,88,J16W,18-72771-013             ,5,8.33,117.66
105930,7/17/2025,XL1775,00:52.0,20:00.0,1,4,70,10,88,J16W,18-72771-012             ,5,5.83,145.75
105930,7/18/2025,XL1774,30:00.0,51:47.0,1,4.02,70,10,88,J16W,18-72771-011             ,5,5.83,145.02
105930,7/18/2025,XL1775,45:00.0,00:00.0,1,2,30,10,88,J16W,18-72771-012             ,5,2.5,125
105930,7/24/2025,XK1059,45:00.0,20:00.0,1,1.58,30,10,88,J16W,18-64537-006             ,2,1,63.29
105930,7/25/2025,XK1059,40:00.0,20:00.0,1,7.08,190,10,88,J16W,18-64537-006             ,2,6.33,89.41
105930,8/21/2025,XL1684,40:00.0,25:00.0,1,1.75,52,10,88,J16W,18-64537-006             ,2,1.73,98.86
106362,3/25/2024,XB9054,43:54.0,17:10.0,1,0.57,28,10,88,J16W,18-67273-100             ,1.2,0.56,98.25
106362,3/28/2024,XB9054,00:00.0,21:18.0,1,5.77,150,10,88,J16W,18-67273-100             ,1.2,3,51.99
107647,8/29/2023,X59774,40:00.0,50:00.0,2,6.58,67,10,88,J16W,22-57164-010             ,5,5.58,84.8
107647,8/30/2023,X66246,10:00.0,20:00.0,2,6.58,90,10,88,J16W,18-68687-020             ,5,7.5,113.98
107647,8/31/2023,X71781,40:00.0,20:00.0,2,7.08,91,10,88,J16W,18-67273-204             ,5,7.58,107.06
107647,9/1/2023,X71781,40:00.0,20:00.0,2,3.42,52,10,88,J16W,18-67273-204             ,5,4.33,126.61
107647,9/5/2023,X66512,29:26.0,06:54.0,2,5.03,71,10,88,J16W,18-72771-011             ,5,5.92,117.69
107647,9/6/2023,X66480,18:14.0,04:19.0,2,6.18,56,30,88,J16W,18-44668-004             ,5.5,5.13,83.01
107647,9/7/2023,X66338,41:49.0,05:23.0,2,1.4,90,10,88,J16W,A18-66872-003            ,1,1.5,107.14
107647,9/9/2023,X67578,10:00.0,00:00.0,2,1.83,20,10,88,J16W,18-72771-010             ,5,1.67,91.26
107647,9/14/2023,BP0476,30:00.0,40:00.0,2,0.17,2,10,88,J16W,18-47268-000             ,5,0.17,100
107647,9/14/2023,X71810,40:00.0,00:00.0,2,3.08,47,10,88,J16W,18-69349-004             ,5,3.92,127.27
107647,9/28/2023,BO6415,40:00.0,20:00.0,2,7.08,46,30,88,J16W,18-71760-020             ,3.25,2.49,35.17
107647,10/26/2023,X74653,40:00.0,40:00.0,2,2,43,10,88,J16W,18-68687-020             ,5,3.58,179
107647,11/9/2023,BP4780,40:00.0,40:00.0,2,1,50,30,88,J16W,15-31345-000             ,2,1.67,167
107647,11/20/2023,X93977,40:00.0,20:00.0,2,7.08,100,10,88,J16W,18-67273-100             ,5,8.33,117.66
107647,11/21/2023,X79320,10:00.0,20:00.0,2,6.58,70,10,88,J16W,18-72771-013             ,5,5.83,88.6
107647,11/30/2023,X79613,25:00.0,20:00.0,2,6.33,70,10,88,J16W,18-72771-011             ,5,5.83,92.1
107647,12/1/2023,X86241,40:00.0,30:00.0,2,7.25,0,10,88,J16W,18-67526-060             ,3.5,0,0
107647,12/8/2023,X78301,10:00.0,20:00.0,2,6.58,75,10,88,J16W,F18-68687-006            ,5,6.25,94.98
107647,12/18/2023,BP3820,30:00.0,20:00.0,2,1.38,24,20,88,J16W,18-44737-001             ,2.59,1.04,75.36
107647,12/18/2023,X96653,30:00.0,20:00.0,2,1.38,24,10,88,J16W,18-44737-002             ,0.5,0.2,14.49
107647,12/19/2023,BP3820,40:00.0,30:00.0,2,3.13,56,20,88,J16W,18-44737-001             ,2.59,2.42,77.32
107647,12/19/2023,X96653,40:00.0,30:00.0,2,3.13,56,10,88,J16W,18-44737-002             ,0.5,0.47,15.02
107647,12/20/2023,X79872,40:00.0,20:00.0,2,7.08,57,30,88,J16W,18-44668-004             ,5.5,5.23,73.87
107647,12/21/2023,X79872,40:00.0,20:00.0,2,7.08,52,30,88,J16W,18-44668-004             ,5.5,4.77,67.37
107647,1/11/2024,X99993,20:24.0,30:00.0,2,6.58,0,10,88,J16W,18-67273-100             ,5,0,0
107647,1/24/2024,BQ0385,00:00.0,50:00.0,2,4.5,45,25,88,J16W,12-28678-000             ,2,1.5,33.33
107647,1/27/2024,XA5435,40:00.0,40:00.0,2,3,34,10,88,J16W,18-67273-101             ,5,2.83,94.33
107647,1/27/2024,XA5436,40:00.0,40:00.0,2,2,15,10,88,J16W,18-67273-102             ,5,1.25,62.5
107647,1/28/2024,XA5437,40:00.0,15:00.0,2,0.58,8,10,88,J16W,18-67273-105             ,5,0.67,115.52
107647,1/28/2024,XA5440,15:00.0,45:00.0,2,0.5,2,10,88,J16W,18-67273-109             ,5,0.17,34
107647,1/28/2024,XA5453,15:00.0,15:00.0,2,1,8,10,88,J16W,18-67273-267             ,5,0.67,67
110420,11/5/2024,BT0810,10:00.0,45:00.0,2,0.58,6,10,88,J16W,18-67526-020             ,0.5,0.05,8.62
110420,11/7/2024,XF2320,00:00.0,20:00.0,2,1.33,15,10,88,J16W,18-44668-004             ,5.5,1.38,103.76
110420,11/7/2024,XF2320,40:00.0,20:00.0,2,6.09,88,10,88,J16W,18-44668-004             ,5.5,8.07,132.51
110420,11/8/2024,XF1871,48:24.0,47:57.0,2,4.98,90,10,88,J16W,18-67526-060             ,3.5,5.25,105.42
110420,11/8/2024,XF1887,10:00.0,50:00.0,2,6.08,170,40,88,J16W,22-74603-001             ,2.5,7.08,116.45
110420,11/12/2024,XF6286,30:00.0,20:00.0,2,4.5,300,30,88,J16W,18-74430-000             ,1,5,111.11
110420,11/13/2024,XF6286,40:00.0,30:00.0,2,1.83,107,30,88,J16W,18-74430-000             ,1,1.78,97.27
110420,11/14/2024,BS4707,15:00.0,45:00.0,2,0.5,5,10,88,J16W,A66-34768-000            ,5,0.42,84
110420,11/14/2024,BS8876,15:00.0,45:00.0,2,0.42,5,10,88,J16W,18-65698-000             ,1.5,0.13,30.95
110420,11/15/2024,XF5881,30:00.0,20:00.0,2,2.83,30,10,88,J16W,18-72771-011             ,5,2.5,88.34
110420,11/15/2024,XF5881,40:00.0,50:00.0,2,2.92,40,10,88,J16W,18-72771-011             ,5,3.33,114.04
110420,11/18/2024,XH1009,10:00.0,00:00.0,2,0.83,20,10,88,J16W,18-67273-102             ,5,1.67,201.2
110420,11/18/2024,XH1010,00:00.0,45:00.0,2,0.75,10,10,88,J16W,18-67273-105             ,5,0.83,110.67
110420,11/18/2024,XH1011,45:00.0,20:00.0,2,0.58,12,10,88,J16W,18-67273-106             ,5,1,172.41
110420,11/18/2024,XH1015,10:00.0,10:00.0,2,1.66,23,10,88,J16W,18-67273-203             ,5,1.92,115.66
110420,11/20/2024,XF6278,40:00.0,20:00.0,2,7.08,86,10,88,J16W,18-72771-013             ,5,7.17,101.27
110420,11/21/2024,XF6309,40:00.0,30:00.0,2,3.58,141,30,88,J16W,22-74602-000             ,1,2.35,65.64
110420,11/22/2024,XG2319,40:00.0,20:00.0,2,7.08,86,10,88,J16W,F18-68687-006            ,5,7.17,101.27
110420,11/22/2024,XH1938,01:36.0,13:02.0,2,1.2,40,40,88,J16W,22-74603-001             ,2.5,1.67,139.17
110420,11/23/2024,XH1009,48:08.0,56:32.0,2,2.13,20,10,88,J16W,18-67273-102             ,5,1.67,78.4
110420,11/23/2024,XH1010,57:06.0,36:34.0,2,1.32,10,10,88,J16W,18-67273-105             ,5,0.83,62.88
110420,11/23/2024,XH1011,36:56.0,55:41.0,2,0.32,10,10,88,J16W,18-67273-106             ,5,0.83,259.38
110420,11/23/2024,XH1012,56:04.0,08:28.0,2,0.2,10,10,88,J16W,18-67273-108             ,5,0.83,415
110420,11/23/2024,XH1013,09:03.0,12:14.0,2,0.05,1,10,88,J16W,18-67273-109             ,5,0.08,160
110420,11/23/2024,XH1014,12:00.0,20:00.0,2,1.13,15,10,88,J16W,18-67273-111             ,5,1.25,110.62
110420,11/25/2024,XF6848,40:00.0,20:00.0,2,7.08,90,10,88,J16W,18-44668-004             ,5.5,8.25,116.53
110420,11/27/2024,BS7089,40:00.0,20:00.0,2,4.08,96,25,88,J16W,12-28678-001             ,2,3.2,78.43
110420,11/27/2024,XF7560,20:00.0,20:00.0,2,1,15,10,88,J16W,18-72771-013             ,5,1.25,125
110420,11/29/2024,BS6443,40:00.0,20:00.0,2,5.67,75,10,88,J16W,18-64537-006             ,5.38,6.73,118.69
110420,11/30/2024,BS6443,40:00.0,24:27.0,2,5.73,68,10,88,J16W,18-64537-006             ,5.38,6.1,106.46
110420,11/30/2024,BS6443,45:45.0,20:17.0,2,5.58,74,10,88,J16W,18-64537-006             ,5.38,6.64,119
110420,12/3/2024,XF1564,20:00.0,20:00.0,2,3.67,98,20,88,J16W,04-35196-103             ,2,3.27,89.1
110420,12/3/2024,XH1014,40:00.0,00:00.0,2,1.33,12,10,88,J16W,18-67273-111             ,5,1,75.19
110420,12/4/2024,BS9868,40:00.0,20:00.0,2,5.08,125,10,88,J16W,18-67526-040             ,2.5,5.21,102.56
110420,12/4/2024,XF7566,00:00.0,20:00.0,2,0.33,48,30,88,J16W,18-74430-000             ,1,0.8,242.42
110420,12/5/2024,XF5875,05:00.0,20:00.0,2,1.25,30,10,88,J16W,18-71533-000             ,5,2.5,200
110420,12/5/2024,XF7566,40:00.0,35:00.0,2,5.33,335,30,88,J16W,18-74430-000             ,1,5.58,104.69
110420,12/6/2024,XG3005,23:00.0,20:00.0,2,6.37,86,10,88,J16W,18-72771-013             ,5,7.17,112.56
110420,12/6/2024,XG3182,46:54.0,23:13.0,2,0.62,10,10,88,J16W,18-72771-011             ,5,0.83,133.87
110420,12/7/2024,XG3005,48:06.0,39:35.0,2,1.85,19,10,88,J16W,18-72771-013             ,5,1.58,85.41
110420,12/9/2024,XG2598,40:00.0,20:21.0,2,1.67,12,10,88,J16W,18-72771-012             ,5,1,59.88
110420,12/9/2024,XH1014,45:00.0,20:00.0,2,3.25,68,10,88,J16W,18-67273-111             ,5,5.67,174.46
110420,12/10/2024,XF8263,40:00.0,20:00.0,2,7.08,82,10,88,J16W,18-44668-004             ,5.5,7.52,106.21
110420,12/14/2024,XH6367,38:00.0,20:00.0,2,3.37,43,10,88,J16W,18-67273-102             ,5,3.58,106.23
110420,12/15/2024,BT0684,46:43.0,53:24.0,2,2.12,48,10,88,J16W,03-44574-000             ,3,2.4,113.21
110420,12/19/2024,XH3142,40:00.0,20:00.0,2,2.42,12,10,88,J16W,18-67526-060             ,3.5,0.7,28.93
110420,12/20/2024,XG7504,40:00.0,20:00.0,2,7.08,72,10,88,J16W,18-72771-010             ,5,6,84.75
110420,12/21/2024,XG7504,31:29.0,20:43.0,2,0.82,16,10,88,J16W,18-72771-010             ,5,1.33,162.2
110420,12/21/2024,XH1301,38:57.0,31:09.0,2,4.88,50,10,88,J16W,18-72771-013             ,5,4.17,85.45
110420,12/22/2024,XG7504,40:00.0,49:05.0,2,5.15,62,10,88,J16W,18-72771-010             ,5,5.17,100.39
110420,1/6/2025,XH6367,44:08.0,21:14.0,2,6.03,52,10,88,J16W,18-67273-102             ,5,4.33,71.81
110420,1/6/2025,XH6371,21:37.0,21:34.0,2,1,8,10,88,J16W,18-67273-109             ,5,0.67,67
110420,1/7/2025,BS5071,10:19.0,53:59.0,2,1.72,6,10,88,J16W,18-67525-040             ,3,0.3,17.44
110420,1/9/2025,XI2065,54:00.0,20:00.0,2,0.43,20,10,88,J16W,A18-66872-002            ,1,0.33,76.74
110420,1/13/2025,BS8446,40:00.0,20:00.0,2,7.08,90,10,88,J16W,18-64537-006             ,5.38,8.07,113.98
110420,1/24/2025,XI1794,40:00.0,20:00.0,2,1.67,21,10,88,J16W,18-67273-102             ,5,1.75,104.79
110420,1/24/2025,XI1795,20:00.0,30:00.0,2,0.92,11,10,88,J16W,18-67273-105             ,5,0.92,100
110420,1/24/2025,XI1799,30:00.0,00:00.0,2,0.5,4,10,88,J16W,18-67273-111             ,5,0.33,66
110420,1/24/2025,XI1801,00:00.0,20:00.0,2,0.33,4,10,88,J16W,18-67273-204             ,5,0.33,100
110420,1/25/2025,BT4051,35:10.0,03:40.0,2,2.47,52,10,88,J16W,03-44574-000             ,3,2.6,105.26
110420,1/25/2025,XH1437,44:44.0,21:00.0,2,2.43,28,10,88,J16W,F18-68687-006            ,5,2.33,95.88
110420,1/27/2025,XH1437,40:00.0,20:00.0,2,7.08,78,10,88,J16W,F18-68687-006            ,5,6.5,91.81
110420,1/28/2025,XH1437,40:00.0,30:00.0,2,2.58,29,10,88,J16W,F18-68687-006            ,5,2.42,93.8
110420,1/29/2025,XH1300,25:00.0,20:00.0,2,1.91,28,10,88,J16W,18-72771-011             ,5,2.33,121.99
110420,1/29/2025,XI1794,40:00.0,10:00.0,2,1.5,20,10,88,J16W,18-67273-102             ,5,1.67,111.33
110420,1/29/2025,XI1795,10:00.0,30:00.0,2,1.08,15,10,88,J16W,18-67273-105             ,5,1.25,115.74
110420,1/29/2025,XI1796,30:00.0,45:00.0,2,1.25,15,10,88,J16W,18-67273-106             ,5,1.25,100
110420,1/29/2025,XI1797,45:00.0,30:00.0,2,0.42,10,10,88,J16W,18-67273-108             ,5,0.83,197.62
110420,1/30/2025,XH2165,40:00.0,00:00.0,2,0.33,3,10,88,J16W,18-72771-012             ,5,0.25,75.76
110420,1/31/2025,XG3493,40:00.0,00:00.0,2,5.75,52,10,88,J16W,18-44668-004             ,5.5,4.77,82.96
110420,2/6/2025,XG3493,34:00.0,20:00.0,2,1.77,18,10,88,J16W,18-44668-004             ,5.5,1.65,93.22
110420,2/6/2025,XH7001,10:00.0,30:00.0,2,3.08,42,10,88,J16W,18-67526-060             ,3.5,2.45,79.55
110420,2/7/2025,XG3493,10:00.0,40:00.0,2,2.25,22,10,88,J16W,18-44668-004             ,5.5,2.02,89.78
110420,2/10/2025,XG7316,30:00.0,40:00.0,2,3.58,171,25,88,J16W,A03-43818-000            ,1.5,4.28,119.55
110420,2/10/2025,XI1794,10:00.0,20:00.0,2,1.17,15,10,88,J16W,18-67273-102             ,5,1.25,106.84
110420,2/12/2025,XH2758,25:00.0,20:00.0,2,6.33,70,10,88,J16W,18-72771-013             ,5,5.83,92.1
110420,2/13/2025,BT5951,10:00.0,30:00.0,2,0.33,5,20,88,J16W,A04-27868-008            ,5.1,0.43,130.3
110420,2/14/2025,XI1794,00:00.0,20:00.0,2,0.33,5,10,88,J16W,18-67273-102             ,5,0.42,127.27
110420,2/14/2025,XI1802,10:00.0,00:00.0,2,2.58,35,10,88,J16W,18-67273-205             ,5,2.92,113.18
110420,2/15/2025,XI1794,40:00.0,05:00.0,2,0.42,5,10,88,J16W,18-67273-102             ,5,0.42,100
110420,2/15/2025,XI1795,05:00.0,30:00.0,2,0.42,5,10,88,J16W,18-67273-105             ,5,0.42,100
110420,2/15/2025,XI1796,30:00.0,55:00.0,2,0.42,5,10,88,J16W,18-67273-106             ,5,0.42,100
110420,2/15/2025,XI1797,55:00.0,20:00.0,2,0.42,5,10,88,J16W,18-67273-108             ,5,0.42,100
110420,2/15/2025,XI1799,20:00.0,35:00.0,2,0.25,3,10,88,J16W,18-67273-111             ,5,0.25,100
110420,2/15/2025,XI1800,35:00.0,00:00.0,2,0.42,5,10,88,J16W,18-67273-203             ,5,0.42,100
110420,2/20/2025,XI2320,30:00.0,20:00.0,2,3.5,36,10,88,J16W,F18-68687-006            ,5,3,85.71
110420,2/21/2025,XI2320,40:00.0,00:00.0,2,1.33,18,10,88,J16W,F18-68687-006            ,5,1.5,112.78
110420,2/21/2025,XI8113,30:00.0,30:00.0,2,0.75,11,10,88,J16W,18-67273-108             ,5,0.92,122.67
110420,2/24/2025,XI2320,40:00.0,20:00.0,2,7.08,80,10,88,J16W,F18-68687-006            ,5,6.67,94.21
110420,2/25/2025,XI4360,40:00.0,50:00.0,2,5.58,68,10,88,J16W,18-67526-060             ,3.5,3.97,71.15
110420,2/27/2025,XH2060,20:00.0,20:00.0,2,5.42,240,25,88,J16W,A03-43818-000            ,1.5,6,110.7
110420,2/27/2025,XH6425,45:00.0,50:00.0,2,1.08,12,10,88,J16W,18-72771-011             ,5,1,92.59
110420,2/28/2025,XH3049,30:00.0,20:00.0,2,6.25,62,10,88,J16W,18-44668-004             ,5.5,5.68,90.88
110420,3/3/2025,XI8110,40:00.0,15:00.0,2,0.58,7,10,88,J16W,18-67273-102             ,5,0.58,100
110420,3/3/2025,XI8111,15:00.0,05:00.0,2,0.83,10,10,88,J16W,18-67273-105             ,5,0.83,100
110420,3/3/2025,XI8112,05:00.0,30:00.0,2,1.17,15,10,88,J16W,18-67273-106             ,5,1.25,106.84
110420,3/3/2025,XI8113,30:00.0,50:00.0,2,0.33,5,10,88,J16W,18-67273-108             ,5,0.42,127.27
110420,3/3/2025,XI8114,50:00.0,05:00.0,2,0.25,3,10,88,J16W,18-67273-109             ,5,0.25,100
110420,3/3/2025,XI8117,05:00.0,05:00.0,2,0.92,12,10,88,J16W,18-67273-203             ,5,1,108.7
110420,3/4/2025,XI8354,30:00.0,15:00.0,2,3.42,36,10,88,J16W,18-67526-060             ,3.5,2.1,61.4
110420,3/5/2025,BT5456,10:00.0,35:00.0,2,0.42,5,10,88,J16W,18-67526-050             ,3,0.25,59.52
110420,3/5/2025,BT6150,40:00.0,40:00.0,2,1.92,50,10,88,J16W,18-67526-040             ,2.5,2.08,108.33
110420,3/5/2025,XI8110,10:00.0,00:00.0,2,0.67,8,10,88,J16W,18-67273-102             ,5,0.67,100
110420,3/5/2025,XI8110,00:00.0,10:00.0,2,1.17,15,10,88,J16W,18-67273-102             ,5,1.25,106.84
110420,3/5/2025,XI8111,10:00.0,20:00.0,2,1.17,5,10,88,J16W,18-67273-105             ,5,0.42,35.9
110420,3/6/2025,XH7773,30:00.0,20:00.0,2,6.25,75,10,88,J16W,18-72771-012             ,5,6.25,100
110420,3/10/2025,BT2599,30:00.0,20:00.0,2,3.5,74,10,88,J16W,18-64537-006             ,5.38,6.64,189.71
110420,3/11/2025,XI2078,40:00.0,20:00.0,2,7.08,70,10,88,J16W,18-72771-013             ,5,5.83,82.34
110420,3/17/2025,XI2323,40:00.0,30:00.0,2,3.58,23,10,88,J16W,18-72771-010             ,5,1.92,53.63
110420,3/19/2025,XH7843,00:00.0,20:00.0,2,5,78,10,88,J16W,18-64537-006             ,5.38,6.99,139.8
110420,3/20/2025,XH7843,40:00.0,20:00.0,2,3.42,48,10,88,J16W,18-64537-006             ,5.38,4.3,125.73
110420,3/28/2025,XI2541,40:00.0,20:21.0,2,3.67,131,25,88,J16W,A03-43818-000            ,1.5,3.28,89.37
110420,3/28/2025,XI3770,00:00.0,20:00.0,2,3.33,38,10,88,J16W,18-72771-013             ,5,3.17,95.2
110420,4/9/2025,XI3647,40:00.0,20:00.0,2,7.67,150,10,88,J16W,18-64537-006             ,5.38,13.45,175.36
110420,4/11/2025,XI4716,40:00.0,20:00.0,2,1.67,20,10,88,J16W,18-72771-010             ,5,1.67,100
110420,4/11/2025,XJ0026,20:00.0,20:00.0,2,4,50,10,88,J16W,18-72771-013             ,5,4.17,104.25
110420,4/14/2025,BT9287,52:41.0,02:25.0,2,2.62,64,10,88,J16W,03-44574-000             ,3,3.2,122.14
110420,4/15/2025,XI8163,05:54.0,19:22.0,2,1.9,30,10,88,J16W,18-72771-012             ,5,2.5,131.58
110420,4/21/2025,XJ9872,40:00.0,30:00.0,2,4.25,80,10,88,J16W,18-67273-203             ,5,6.67,156.94
110420,4/22/2025,XJ9871,10:00.0,10:00.0,2,1,10,10,88,J16W,18-67273-202             ,5,0.83,83
110420,4/23/2025,XI9895,30:00.0,20:00.0,2,1.83,15,10,88,J16W,18-44668-004             ,5.5,1.38,75.41
110420,4/23/2025,XJ3752,40:00.0,20:00.0,2,2.42,35,10,88,J16W,18-72771-010             ,5,2.92,120.66
110420,4/24/2025,XI9895,40:00.0,00:00.0,2,3.08,38,10,88,J16W,18-44668-004             ,5.5,3.48,112.99
110420,4/24/2025,XJ4038,15:00.0,20:00.0,2,2.08,22,10,88,J16W,18-67526-060             ,3.5,1.28,61.54
110420,4/25/2025,XJ4870,00:00.0,20:00.0,2,2.33,25,10,88,J16W,18-71533-002             ,5,2.08,89.27
110420,4/25/2025,XJ5248,10:00.0,30:00.0,2,3.75,50,10,88,J16W,18-71533-001             ,5,4.17,111.2
110420,4/26/2025,XJ9871,26:43.0,58:32.0,2,2.53,29,10,88,J16W,18-67273-202             ,5,2.42,95.65
110420,4/28/2025,XJ4226,30:00.0,20:00.0,2,5.25,75,10,88,J16W,18-72771-013             ,5,6.25,119.05
110420,4/29/2025,XJ4226,40:00.0,20:00.0,2,7.08,90,10,88,J16W,18-72771-013             ,5,7.5,105.93
110420,5/1/2025,XJ9865,40:00.0,20:00.0,2,1.67,20,10,88,J16W,18-67273-102             ,5,1.67,100
110420,5/1/2025,XJ9866,20:00.0,00:00.0,2,0.67,10,10,88,J16W,18-67273-105             ,5,0.83,123.88
110420,5/1/2025,XJ9867,00:00.0,20:00.0,2,0.33,10,10,88,J16W,18-67273-106             ,5,0.83,251.52
110420,5/1/2025,XJ9868,40:00.0,40:00.0,2,0.67,10,10,88,J16W,18-67273-108             ,5,0.83,123.88
110420,5/1/2025,XJ9871,40:00.0,10:00.0,2,3.25,34,10,88,J16W,18-67273-202             ,5,2.83,87.08
110420,5/2/2025,BU0495,40:00.0,40:00.0,2,1,24,25,88,J16W,12-28678-001             ,2,0.8,80
110420,5/2/2025,BU2793,40:00.0,45:00.0,2,0.08,1,10,88,J16W,18-67273-166             ,5,0.08,100
110420,5/2/2025,XJ9867,45:00.0,20:00.0,2,0.58,5,10,88,J16W,18-67273-106             ,5,0.42,72.41
110420,5/4/2025,XG3849,01:37.0,40:12.0,2,4.32,75,10,88,J16W,18-64537-002             ,4.4,5.5,127.31
110420,5/5/2025,XJ4682,40:00.0,40:00.0,2,3.75,47,10,88,J16W,18-72771-012             ,5,3.92,104.53
110420,5/8/2025,BT7478,30:00.0,20:00.0,2,2.83,15,30,88,J16W,18-71760-020             ,3.25,0.81,28.62
110420,5/8/2025,BT9361,10:00.0,15:00.0,2,0.08,1,10,88,J16W,18-74470-005             ,5,0.08,100
110420,5/8/2025,XJ9867,30:00.0,00:00.0,2,0.5,6,10,88,J16W,18-67273-106             ,5,0.5,100
110420,5/8/2025,XJ9868,20:00.0,50:00.0,2,0.25,4,10,88,J16W,18-67273-108             ,5,0.33,132
110420,5/8/2025,XJ9870,15:00.0,30:00.0,2,0.25,2,10,88,J16W,18-67273-111             ,5,0.17,68
110420,5/8/2025,XJ9873,00:00.0,20:00.0,2,0.33,4,10,88,J16W,18-67273-204             ,5,0.33,100
110420,5/9/2025,BT7478,56:08.0,20:29.0,2,6.82,90,30,88,J16W,18-71760-020             ,3.25,4.88,71.55
110420,5/10/2025,XJ5896,33:59.0,23:00.0,2,5.83,90,10,88,J16W,22-78696-000             ,1.2,1.8,30.87
110420,5/11/2025,XJ5896,33:43.0,20:58.0,2,5.78,105,10,88,J16W,22-78696-000             ,1.2,2.1,36.33
110420,5/19/2025,BU1961,00:00.0,00:00.0,2,0.67,52,20,88,J16W,18-71517-003             ,1,0.87,129.85
110420,5/19/2025,XJ6496,00:00.0,20:00.0,2,1.33,90,30,88,J16W,18-74430-000             ,1,1.5,112.78
110420,5/20/2025,XJ6496,40:00.0,45:00.0,2,6.5,371,30,88,J16W,18-74430-000             ,1,6.18,95.08
110420,5/21/2025,XK5538,00:00.0,00:00.0,2,1,15,10,88,J16W,18-67273-102             ,5,1.25,125
110420,5/21/2025,XK5539,00:00.0,20:00.0,2,1.33,6,10,88,J16W,18-67273-105             ,5,0.5,37.59
110420,5/21/2025,XK5546,30:00.0,00:00.0,2,2.17,28,10,88,J16W,18-67273-204             ,5,2.33,107.37
110420,5/22/2025,XJ6677,05:00.0,32:44.0,2,4.12,50,10,88,J16W,18-71533-001             ,5,4.17,101.21
110420,5/22/2025,XK5540,40:00.0,45:00.0,2,0.08,1,10,88,J16W,18-67273-106             ,5,0.08,100
110420,5/22/2025,XK5541,45:00.0,20:00.0,2,0.58,8,10,88,J16W,18-67273-108             ,5,0.67,115.52
110420,5/22/2025,XK5542,20:00.0,35:00.0,2,0.25,3,10,88,J16W,18-67273-109             ,5,0.25,100
110420,5/22/2025,XK5543,35:00.0,35:00.0,2,0.92,11,10,88,J16W,18-67273-111             ,5,0.92,100
110420,5/27/2025,XJ6678,40:00.0,20:00.0,2,7.08,84,10,88,J16W,18-72771-013             ,5,7,98.87
136301,9/11/2024,X94404,56:00.0,35:00.0,3,4.07,80,10,88,J16W,18-64537-002             ,4.4,5.87,144.23
136301,9/12/2024,XE5847,29:23.0,50:00.0,3,5.77,72,10,88,J16W,18-72771-013             ,5,6,103.99
136301,9/13/2024,XE9603,06:31.0,20:00.0,3,0.23,8,10,88,J16W,18-67273-102             ,5,0.67,291.3
136301,9/13/2024,XE9609,10:10.0,34:36.0,3,5.82,69,10,88,J16W,18-67273-203             ,5,5.75,98.8
136301,9/18/2024,BS2539,40:35.0,00:04.0,3,0.17,10,10,88,J16W,18-72246-002             ,1,0.17,100
136301,9/18/2024,BS2540,40:24.0,00:11.0,3,0.17,10,10,88,J16W,18-72246-001             ,1,0.17,100
136301,9/20/2024,XE6286,15:29.0,20:26.0,3,3.83,47,10,88,J16W,F18-68687-006            ,5,3.92,102.35
136301,9/23/2024,XE6286,18:53.0,22:08.0,3,6.48,76,10,88,J16W,F18-68687-006            ,5,6.33,97.69
136301,9/24/2024,XE6508,55:00.0,20:00.0,3,4.83,61,10,88,J16W,18-72771-013             ,5,5.08,105.18
136301,9/26/2024,XE5601,10:19.0,20:00.0,3,2.92,44,10,88,J16W,18-72771-012             ,5,3.67,125.68
136301,9/27/2024,XE5853,10:13.0,20:28.0,3,6.58,580,30,88,J16W,18-74430-000             ,1,9.67,146.96
136301,10/1/2024,XE4960,32:00.0,53:00.0,3,1.35,129,40,88,J16W,22-74603-001             ,2.5,5.38,398.52
136301,10/1/2024,XF1497,22:22.0,02:29.0,3,3.08,45,10,88,J16W,22-57164-010             ,5,3.75,121.75
136301,10/2/2024,XF0358,37:11.0,01:32.0,3,4.82,45,10,88,J16W,18-44668-004             ,5.5,4.13,85.68
136301,10/3/2024,BP3176,55:32.0,56:14.0,3,0.02,1,10,88,J16W,18-71266-005             ,5,0.08,400
136301,10/3/2024,XF1155,02:07.0,09:52.0,3,1.78,69,20,88,J16W,04-35196-103             ,2,2.3,129.21
136301,10/4/2024,XE5718,26:06.0,20:47.0,3,3.65,147,25,88,J16W,A03-43818-000            ,1.5,3.68,100.82
136301,10/9/2024,XF0406,10:17.0,20:01.0,3,6.58,570,30,88,J16W,18-74430-000             ,1,9.5,144.38
136301,10/10/2024,XF0406,10:23.0,30:37.0,3,3,283,30,88,J16W,18-74430-000             ,1,4.72,157.33
136301,10/11/2024,XF1677,29:53.0,20:09.0,3,6.27,80,10,88,J16W,F18-68687-006            ,5,6.67,106.38
136301,10/14/2024,XF1677,11:09.0,00:00.0,3,4.23,54,10,88,J16W,F18-68687-006            ,5,4.5,106.38
136301,10/15/2024,XE5508,10:27.0,20:05.0,3,6.58,100,10,88,J16W,18-64537-002             ,4.4,7.33,111.4
136301,10/16/2024,XF5617,11:13.0,08:35.0,3,0.95,11,10,88,J16W,18-67273-105             ,5,0.92,96.84
136301,10/16/2024,XF5618,38:00.0,40:10.0,3,1.7,25,10,88,J16W,18-67273-106             ,5,2.08,122.35
136301,10/16/2024,XF5619,10:00.0,45:10.0,3,0.33,7,10,88,J16W,18-67273-108             ,5,0.58,175.76
136301,10/16/2024,XF5620,16:38.0,50:01.0,3,1.57,20,10,88,J16W,18-67273-109             ,5,1.67,106.37
136301,10/17/2024,XF0396,45:56.0,20:00.0,3,1.58,44,10,88,J16W,18-72771-012             ,5,3.67,232.28
136301,10/21/2024,XF1402,51:00.0,20:01.0,3,1.48,35,10,88,J16W,18-72771-010             ,5,2.92,197.3
136301,10/22/2024,XF1402,25:00.0,25:00.0,3,3.67,60,10,88,J16W,18-72771-010             ,5,5,136.24
136301,10/24/2024,XF1886,11:49.0,12:11.0,3,3.68,196,30,88,J16W,22-74602-000             ,1,3.27,88.86
136301,10/28/2024,BS9261,15:59.0,36:01.0,3,0.35,4,10,88,J16W,15-21110-000             ,4.6,0.31,88.57
136301,10/28/2024,XF0878,55:14.0,20:00.0,3,0.42,8,10,88,J16W,18-72771-013             ,5,0.67,159.52
136301,10/31/2024,XF0709,14:05.0,20:04.0,3,6.52,57,10,88,J16W,18-44668-004             ,5.5,5.23,80.21
136301,11/1/2024,XG6947,14:44.0,20:06.0,3,4.52,62,10,88,J16W,18-67273-204             ,5,5.17,114.38
136301,11/2/2024,XE6490,57:41.0,51:00.0,3,0.45,172,10,88,J16W,A18-66872-002            ,1,2.87,637.78
136301,11/2/2024,XE6490,57:41.0,23:30.0,3,0.88,172,10,88,J16W,A18-66872-002            ,1,2.87,326.14
136301,11/2/2024,XE6490,51:00.0,23:30.0,3,1.77,172,10,88,J16W,A18-66872-002            ,1,2.87,162.15
136301,11/2/2024,XF0878,25:00.0,20:00.0,3,2.92,35,10,88,J16W,18-72771-013             ,5,2.92,100
136301,11/4/2024,XF6879,24:59.0,21:33.0,3,6.37,72,10,88,J16W,F18-68687-006            ,5,6,94.19
136301,11/4/2024,XF6879,44:34.0,21:29.0,3,1.62,21,10,88,J16W,F18-68687-006            ,5,1.75,108.02
136301,11/5/2024,XF6879,10:00.0,30:00.0,3,4,52,10,88,J16W,F18-68687-006            ,5,4.33,108.25
136301,11/7/2024,XF2562,20:32.0,22:32.0,3,1.03,24,10,88,J16W,18-72771-010             ,5,2,194.17
136301,11/7/2024,XF2562,40:14.0,00:28.0,3,0.33,11,10,88,J16W,18-72771-010             ,5,0.92,278.79
136301,11/8/2024,XF2320,10:00.0,20:00.0,3,6.58,88,10,88,J16W,18-44668-004             ,5.5,8.07,122.64
136301,11/9/2024,XG6940,28:13.0,54:53.0,3,1.1,17,10,88,J16W,18-67273-102             ,5,1.42,129.09
136301,11/9/2024,XG6941,34:21.0,51:09.0,3,1.28,15,10,88,J16W,18-67273-105             ,5,1.25,97.66
136301,11/9/2024,XG6943,52:37.0,36:19.0,3,0.73,9,10,88,J16W,18-67273-108             ,5,0.75,102.74
136301,11/9/2024,XG6944,05:14.0,25:15.0,3,0.33,4,10,88,J16W,18-67273-109             ,5,0.33,100
136301,11/9/2024,XG6945,55:36.0,20:44.0,3,0.42,5,10,88,J16W,18-67273-111             ,5,0.42,100
136301,11/9/2024,XG6946,51:08.0,20:03.0,3,0.48,13,10,88,J16W,18-67273-203             ,5,1.08,225
136301,11/9/2024,XG6950,10:16.0,35:44.0,3,0.42,18,10,88,J16W,18-67273-240             ,5,1.5,357.14
136301,11/13/2024,XF6286,10:32.0,20:00.0,3,6.58,850,30,88,J16W,18-74430-000             ,1,14.17,215.35
136301,11/19/2024,XG3513,15:00.0,27:00.0,3,1.87,137,10,88,J16W,A18-66872-002            ,1,2.28,121.93
136301,11/19/2024,XH1011,10:26.0,25:18.0,3,0.25,3,10,88,J16W,18-67273-106             ,5,0.25,100
136301,11/19/2024,XH1014,55:43.0,45:29.0,3,0.83,10,10,88,J16W,18-67273-111             ,5,0.83,100
136301,11/22/2024,XG2319,15:28.0,23:30.0,3,6.55,80,10,88,J16W,F18-68687-006            ,5,6.67,101.83
136301,11/23/2024,XG2319,26:23.0,20:00.0,3,4.57,54,10,88,J16W,F18-68687-006            ,5,4.5,98.47
136301,11/25/2024,XH1014,10:00.0,35:00.0,3,0.42,5,10,88,J16W,18-67273-111             ,5,0.42,100
136301,11/26/2024,XF6848,35:38.0,08:20.0,3,2.22,28,10,88,J16W,18-44668-004             ,5.5,2.57,115.77
136301,11/26/2024,XF7559,30:12.0,20:28.0,3,2.58,50,10,88,J16W,18-72771-011             ,5,4.17,161.63
136301,11/29/2024,XF7560,50:14.0,21:39.0,3,3.93,64,10,88,J16W,18-72771-013             ,5,5.33,135.62
136301,12/3/2024,XH1013,41:30.0,20:27.0,3,3.4,60,10,88,J16W,18-67273-109             ,5,5,147.06
136301,12/4/2024,XF2347,41:45.0,20:36.0,3,1.65,31,10,88,J16W,18-67526-060             ,3.5,1.81,109.7
136301,12/5/2024,XF7566,10:00.0,30:00.0,3,5.75,370,30,88,J16W,18-74430-000             ,1,6.17,107.3
136301,12/6/2024,BT0750,18:44.0,53:57.0,3,0.33,16,25,88,J16W,15-13932-004             ,1.9,0.51,154.55
136301,12/6/2024,XF5875,16:59.0,52:00.0,3,2.27,32,10,88,J16W,18-71533-000             ,5,2.67,117.62
136301,12/7/2024,XG3005,40:00.0,20:00.0,3,3.67,40,10,88,J16W,18-72771-013             ,5,3.33,90.74
136301,12/10/2024,BT1812,00:34.0,05:46.0,3,0.08,5,10,88,J16W,18-65698-000             ,1.5,0.13,162.5
136301,12/10/2024,XH1009,11:05.0,01:17.0,3,0.83,10,10,88,J16W,18-67273-102             ,5,0.83,100
136301,12/10/2024,XH1012,33:59.0,53:01.0,3,0.33,5,10,88,J16W,18-67273-108             ,5,0.42,127.27
136301,12/10/2024,XH1015,02:38.0,05:48.0,3,1.05,13,10,88,J16W,18-67273-203             ,5,1.08,102.86
136301,12/11/2024,XF8263,12:00.0,20:56.0,3,6.55,70,10,88,J16W,18-44668-004             ,5.5,6.42,98.02
136301,12/12/2024,XF6717,10:16.0,21:55.0,3,5.6,206,25,88,J16W,A03-43818-000            ,1.5,5.15,91.96
136301,12/13/2024,XH2311,15:00.0,20:00.0,3,6.5,46,10,88,J16W,18-67526-060             ,3.5,2.68,41.23
136301,12/15/2024,XH6367,25:50.0,57:38.0,3,0.53,34,10,88,J16W,18-67273-102             ,5,2.83,533.96
136301,12/19/2024,BT0795,28:26.0,46:13.0,3,0.3,3,10,88,J16W,18-67526-050             ,3,0.15,50
136301,12/19/2024,BT3684,00:19.0,30:03.0,3,1.17,48,10,88,J16W,04-31977-000             ,1,0.8,68.38
136301,12/19/2024,XH2308,10:17.0,32:43.0,3,0.37,20,10,88,J16W,A18-66872-002            ,1,0.33,89.19
136301,12/19/2024,XH3142,17:35.0,21:31.0,3,1.07,20,10,88,J16W,18-67526-060             ,3.5,1.17,109.35
136301,12/23/2024,XH1065,42:37.0,02:01.0,3,4.75,54,10,88,J16W,18-72771-011             ,5,4.5,94.74
136301,1/10/2025,XI2065,23:03.0,20:01.0,3,2.62,152,10,88,J16W,A18-66872-002            ,1,2.53,96.56
136301,1/13/2025,BS8446,34:13.0,20:24.0,3,3.52,45,10,88,J16W,18-64537-006             ,5.38,4.04,114.77
136301,1/13/2025,XI2065,13:40.0,39:38.0,3,2.1,78,10,88,J16W,A18-66872-002            ,1,1.3,61.9
136301,1/14/2025,BS8446,10:23.0,46:25.0,3,1.6,20,10,88,J16W,18-64537-006             ,5.38,1.79,111.88
136301,1/14/2025,BT3389,35:00.0,54:01.0,3,3.07,70,10,88,J16W,18-67526-040             ,2.5,2.92,95.11
136301,1/14/2025,XH6373,03:58.0,05:08.0,3,0.03,2,10,88,J16W,18-67273-203             ,5,0.17,566.67
136301,1/15/2025,XH6367,15:00.0,33:00.0,3,1.25,15,10,88,J16W,18-67273-102             ,5,1.25,100
136301,1/15/2025,XH6368,03:00.0,45:00.0,3,0.37,7,10,88,J16W,18-67273-105             ,5,0.58,156.76
136301,1/15/2025,XH6369,45:00.0,20:00.0,3,0.58,15,10,88,J16W,18-67273-106             ,5,1.25,215.52
136301,1/28/2025,XH1437,03:55.0,20:01.0,3,2.64,51,10,88,J16W,F18-68687-006            ,5,4.25,160.98
136301,1/28/2025,XH3482,12:36.0,30:00.0,3,3.73,0,20,88,J16W,04-35196-103             ,2,0,0
136301,1/28/2025,XH3482,12:51.0,30:17.0,3,0.65,48,20,88,J16W,04-35196-103             ,2,1.6,246.15
136301,1/29/2025,BT1821,15:14.0,20:00.0,3,0.08,7,10,88,J16W,18-67524-001             ,4,0.47,587.5
136301,1/30/2025,XH1300,41:56.0,35:33.0,3,1.57,23,10,88,J16W,18-72771-011             ,5,1.92,122.29
136301,1/30/2025,XH2165,39:08.0,20:05.0,3,3.43,35,10,88,J16W,18-72771-012             ,5,2.92,85.13
136301,2/4/2025,BT3520,48:21.0,06:33.0,3,0.15,10,10,88,J16W,18-72246-002             ,1,0.17,113.33
136301,2/4/2025,BT3521,48:06.0,06:42.0,3,0.15,10,10,88,J16W,18-72246-001             ,1,0.17,113.33
136301,2/4/2025,XH2154,00:00.0,00:00.0,3,1,50,10,88,J16W,A18-66872-003            ,1,0.83,83
136301,2/4/2025,XI1794,28:24.0,10:00.0,3,0.7,12,10,88,J16W,18-67273-102             ,5,1,142.86
136301,2/4/2025,XI1796,53:34.0,08:24.0,3,1.25,15,10,88,J16W,18-67273-106             ,5,1.25,100
136301,2/5/2025,XH1662,02:40.0,20:00.0,3,3.05,55,10,88,J16W,18-72771-011             ,5,4.58,150.16
136301,2/5/2025,XH2030,44:49.0,06:25.0,3,2.03,50,10,88,J16W,18-72771-010             ,5,4.17,205.42
136301,2/6/2025,XH7001,21:54.0,22:37.0,3,2.02,38,10,88,J16W,18-67526-060             ,3.5,2.22,109.9
136301,2/6/2025,XI1794,42:19.0,22:52.0,3,0.67,9,10,88,J16W,18-67273-102             ,5,0.75,111.94
136301,2/8/2025,BT4455,08:26.0,18:35.0,3,0.17,15,10,88,J16W,18-65698-000             ,1.5,0.38,223.53
136301,2/8/2025,XH3147,26:46.0,21:33.0,3,5.92,59,10,88,J16W,18-72771-012             ,5,4.92,83.11
136301,2/10/2025,XH3147,42:55.0,00:18.0,3,2.97,42,10,88,J16W,18-72771-012             ,5,3.5,117.85
136301,2/11/2025,XI1794,02:24.0,30:22.0,3,0.47,10,10,88,J16W,18-67273-102             ,5,0.83,176.6
136301,2/11/2025,XI1795,11:27.0,33:16.0,3,0.37,9,10,88,J16W,18-67273-105             ,5,0.75,202.7
136301,2/11/2025,XI1796,55:58.0,42:05.0,3,0.45,15,10,88,J16W,18-67273-106             ,5,1.25,277.78
136301,2/11/2025,XI1797,59:37.0,15:04.0,3,0.27,7,10,88,J16W,18-67273-108             ,5,0.58,214.81
136301,2/11/2025,XI1800,38:31.0,50:48.0,3,0.2,10,10,88,J16W,18-67273-203             ,5,0.83,415
136301,2/12/2025,XH2758,53:27.0,20:42.0,3,2.45,35,10,88,J16W,18-72771-013             ,5,2.92,119.18
136301,2/13/2025,XH2758,22:13.0,49:55.0,3,0.45,5,10,88,J16W,18-72771-013             ,5,0.42,93.33
136301,2/24/2025,XI8110,18:00.0,28:29.0,3,0.17,5,10,88,J16W,18-67273-102             ,5,0.42,247.06
136301,2/24/2025,XI8111,59:15.0,26:40.0,3,0.45,5,10,88,J16W,18-67273-105             ,5,0.42,93.33
136301,2/24/2025,XI8112,53:44.0,33:03.0,3,0.67,10,10,88,J16W,18-67273-106             ,5,0.83,123.88
136301,2/24/2025,XI8117,50:24.0,23:22.0,3,0.55,10,10,88,J16W,18-67273-203             ,5,0.83,150.91
136301,2/25/2025,XI2320,15:00.0,22:21.0,3,2.56,73,10,88,J16W,F18-68687-006            ,5,6.08,237.5
136301,2/27/2025,XH8118,40:18.0,54:49.0,3,1.23,25,10,88,J16W,18-71533-002             ,5,2.08,169.11
136301,2/28/2025,BT4537,45:19.0,20:58.0,3,4.33,34,30,88,J16W,18-71760-020             ,3.25,1.84,42.49
136301,2/28/2025,XH2060,10:17.0,14:25.0,3,2.07,141,25,88,J16W,A03-43818-000            ,1.5,3.53,170.53
136301,3/3/2025,XH3049,10:00.0,40:00.0,3,0.5,8,10,88,J16W,18-44668-004             ,5.5,0.73,146
136301,3/6/2025,XI8111,10:00.0,06:00.0,3,0.93,10,10,88,J16W,18-67273-105             ,5,0.83,89.25
136301,3/6/2025,XI8112,30:51.0,45:03.0,3,0.92,15,10,88,J16W,18-67273-106             ,5,1.25,135.87
136301,3/6/2025,XI8113,02:20.0,08:40.0,3,0.1,7,10,88,J16W,18-67273-108             ,5,0.58,580
136301,3/6/2025,XI8115,30:57.0,48:13.0,3,0.3,3,10,88,J16W,18-67273-111             ,5,0.25,83.33
136301,3/6/2025,XI8117,05:35.0,41:35.0,3,0.6,20,10,88,J16W,18-67273-203             ,5,1.67,278.33
136301,3/7/2025,XH7773,25:00.0,27:49.0,3,1.03,25,10,88,J16W,18-72771-012             ,5,2.08,201.94
136301,3/11/2025,XI2078,55:00.0,20:00.0,3,2.42,24,10,88,J16W,18-72771-013             ,5,2,82.64
136301,3/12/2025,BT6748,55:22.0,57:01.0,3,0.03,2,10,88,J16W,18-71266-005             ,5,0.17,566.67
136301,3/12/2025,BT8687,02:33.0,13:32.0,3,0.18,9,10,88,J16W,18-67526-040             ,2.5,0.38,211.11
136301,3/12/2025,XI9711,30:46.0,29:11.0,3,1.73,51,10,88,J16W,18-67526-060             ,3.5,2.98,172.25
136301,3/14/2025,XI8111,52:23.0,56:23.0,3,0.07,7,10,88,J16W,18-67273-105             ,5,0.58,828.57
136301,3/18/2025,XJ3705,11:19.0,55:26.0,3,0.73,9,10,88,J16W,18-67273-111             ,5,0.75,102.74
136301,3/19/2025,XI8726,34:30.0,30:32.0,3,3.6,50,10,88,J16W,18-71533-001             ,5,4.17,115.83
136301,3/20/2025,XI2056,15:00.0,20:00.0,3,6.5,71,10,88,J16W,18-44668-004             ,5.5,6.51,100.15
136301,3/21/2025,XI2056,10:12.0,20:47.0,3,6.58,60,10,88,J16W,18-44668-004             ,5.5,5.5,83.59
136301,3/25/2025,BT8688,50:52.0,12:16.0,3,0.37,35,10,88,J16W,18-67526-040             ,2.5,1.46,394.59
107647,1/29/2024,XA7881,00:00.0,20:00.0,2,4,60,10,88,J16W,18-72771-011             ,5,5,125
107647,2/19/2024,X84812,40:00.0,20:00.0,2,7.08,52,30,88,J16W,18-44668-004             ,5.5,4.77,67.37
107647,2/24/2024,XA1456,10:00.0,05:00.0,2,3.58,47,10,88,J16W,F18-68687-006            ,5,3.92,109.5
107647,2/28/2024,BP9854,40:00.0,30:00.0,2,0.83,7,10,88,J16W,18-67525-040             ,3,0.35,42.17
107647,2/29/2024,X80388,00:00.0,20:00.0,2,5,40,10,88,J16W,22-57164-010             ,5,3.33,66.6
107647,3/2/2024,BP9739,00:00.0,40:00.0,2,0.67,33,20,88,J16W,18-44737-001             ,2.59,1.42,211.94
107647,3/2/2024,XA1422,40:00.0,00:00.0,2,0.33,33,10,88,J16W,18-44737-002             ,0.5,0.28,84.85
107647,3/3/2024,BP9739,40:00.0,00:00.0,2,2.33,65,20,88,J16W,18-44737-001             ,2.59,2.81,120.6
107647,3/3/2024,XA1422,00:00.0,30:00.0,2,0.5,65,10,88,J16W,18-44737-002             ,0.5,0.54,108
107647,3/7/2024,XA5956,55:00.0,20:00.0,2,3.17,80,30,88,J16W,22-74602-000             ,1,1.33,41.96
107647,3/14/2024,BQ9227,40:00.0,20:00.0,2,7.08,150,10,88,J16W,18-67525-030             ,2.4,6,84.75
107647,3/15/2024,X96844,40:00.0,20:00.0,2,7.08,480,30,88,J16W,18-74430-000             ,1,8,112.99
107647,3/28/2024,XA1459,40:00.0,20:00.0,2,7.08,50,30,88,J16W,18-71760-020             ,3.25,2.71,38.28
107647,4/15/2024,XB3393,10:00.0,30:00.0,2,3.08,54,10,88,J16W,03-44574-000             ,3,2.7,87.66
107647,4/15/2024,XB3574,00:00.0,20:00.0,2,3,50,10,88,J16W,18-71533-001             ,5,4.17,139
107647,4/20/2024,BQ8126,05:00.0,20:00.0,2,2.25,36,30,88,J16W,18-71760-020             ,3.25,1.95,86.67
107647,5/1/2024,XC5077,20:00.0,20:00.0,2,3.67,40,10,88,J16W,18-67273-203             ,5,3.33,90.74
107647,5/6/2024,XC5076,00:00.0,20:00.0,2,2.33,30,10,88,J16W,18-67273-202             ,5,2.5,107.3
107647,6/7/2024,XB2349,15:00.0,20:00.0,2,0.08,1,10,88,J16W,18-67526-060             ,3.5,0.06,75
107647,6/7/2024,XC2022,00:00.0,50:00.0,2,3.5,50,10,88,J16W,18-71533-000             ,5,4.17,119.14
107647,6/8/2024,XC0690,10:00.0,20:00.0,2,5.17,157,40,88,J16W,22-74603-001             ,2.5,6.54,126.5
107647,6/15/2024,XC6492,10:00.0,40:00.0,2,2.5,150,30,88,J16W,22-74602-000             ,1,2.5,100
107647,6/22/2024,X94476,25:00.0,55:00.0,2,1.5,75,10,88,J16W,22-78696-000             ,1.2,1.5,100
107647,6/27/2024,XC5708,30:00.0,20:00.0,2,3.5,100,40,88,J16W,22-74603-001             ,2.5,4.17,119.14
107647,6/28/2024,XD7486,40:00.0,30:00.0,2,3.58,20,10,88,J16W,18-67273-105             ,5,1.67,46.65
107647,6/28/2024,XD7486,30:00.0,33:06.0,2,1.72,35,10,88,J16W,18-67273-105             ,5,2.92,169.77
107647,6/28/2024,XD7489,33:42.0,40:45.0,2,0.12,1,10,88,J16W,18-67273-109             ,5,0.08,66.67
107647,6/28/2024,XD7490,41:45.0,01:05.0,2,0.33,4,10,88,J16W,18-67273-111             ,5,0.33,100
107647,6/28/2024,XD7493,01:28.0,47:53.0,2,0.77,12,10,88,J16W,18-67273-203             ,5,1,129.87
107647,6/29/2024,XC8123,36:17.0,33:44.0,2,0.95,83,25,88,J16W,A03-43818-000            ,1.5,2.08,218.95
107647,6/29/2024,XE0056,47:22.0,54:59.0,2,0.12,1,20,88,J16W,A04-27868-014            ,5.1,0.09,75
107647,8/3/2024,XD8253,00:00.0,20:00.0,2,1.33,70,10,88,J16W,22-78696-000             ,1.2,1.4,105.26
107647,8/4/2024,XD4440,25:00.0,20:00.0,2,4.92,59,10,88,J16W,18-72771-013             ,5,4.92,100
107647,8/9/2024,XD8703,00:00.0,20:00.0,2,3,77,10,88,J16W,22-78696-000             ,1.2,1.54,51.33
107647,9/3/2024,XE4822,10:00.0,20:00.0,2,6.58,80,10,88,J16W,F18-68687-006            ,5,6.67,101.37
107647,9/4/2024,XE4822,12:39.0,51:58.0,2,6.07,68,10,88,J16W,F18-68687-006            ,5,5.67,93.41
107647,9/5/2024,XE3715,21:37.0,12:22.0,2,6.27,54,10,88,J16W,18-72771-012             ,5,4.5,71.77
107647,9/7/2024,XD2095,59:00.0,08:12.0,2,1.15,120,30,88,J16W,18-74430-000             ,1,2,173.91
107647,9/18/2024,XE4698,30:00.0,24:38.0,2,4.57,30,10,88,J16W,18-72771-012             ,5,2.5,54.7
107647,9/19/2024,XE0164,10:00.0,10:00.0,2,2.75,180,10,88,J16W,A18-66872-003            ,1,3,109.09
107647,10/23/2024,XF0877,25:00.0,20:00.0,2,6.33,75,10,88,J16W,18-72771-011             ,5,6.25,98.74
107647,10/24/2024,XF0834,10:00.0,00:00.0,2,2.58,103,25,88,J16W,A03-43818-000            ,1.5,2.58,100
107647,10/31/2024,XF0709,40:00.0,40:00.0,2,2,20,10,88,J16W,18-44668-004             ,5.5,1.83,91.5
107647,10/31/2024,XG6940,10:00.0,00:00.0,2,1.83,15,10,88,J16W,18-67273-102             ,5,1.25,68.31
107647,10/31/2024,XG6942,00:00.0,20:00.0,2,3,10,10,88,J16W,18-67273-106             ,5,0.83,27.67
107647,11/1/2024,XF0878,10:00.0,20:00.0,2,6.58,70,10,88,J16W,18-72771-013             ,5,5.83,88.6
107647,11/19/2024,XF6278,00:00.0,20:00.0,2,2.33,20,10,88,J16W,18-72771-013             ,5,1.67,71.67
107647,11/27/2024,XF7558,45:00.0,20:00.0,2,3.25,40,10,88,J16W,18-72771-010             ,5,3.33,102.46
107647,12/19/2024,XH1066,50:00.0,30:00.0,2,4.33,0,10,88,J16W,18-72771-012             ,5,0,0
107647,12/20/2024,XH1301,20:00.0,20:00.0,2,6.42,70,10,88,J16W,18-72771-013             ,5,5.83,90.81
107647,2/3/2025,XI1794,30:00.0,40:00.0,2,0.17,5,10,88,J16W,18-67273-102             ,5,0.42,247.06
107647,2/3/2025,XI5071,40:00.0,10:00.0,2,0.5,1,10,88,J16W,18-67273-208             ,4,0.07,14
107647,2/4/2025,XH2030,50:00.0,20:00.0,2,5.92,80,10,88,J16W,18-72771-010             ,5,6.67,112.67
107647,2/19/2025,XH1637,40:00.0,20:00.0,2,7.08,55,10,88,J16W,18-44668-004             ,5.5,5.04,71.19
107647,3/17/2025,XH8309,30:00.0,20:00.0,2,2.75,175,40,88,J16W,22-74603-001             ,2.5,7.29,265.09
107647,3/18/2025,XI3927,10:00.0,20:00.0,2,6.58,78,10,88,J16W,18-72771-012             ,5,6.5,98.78
107647,3/27/2025,XJ3700,00:00.0,20:00.0,2,2.33,17,10,88,J16W,18-67273-102             ,5,1.42,60.94
107647,3/27/2025,XJ3707,30:00.0,00:00.0,2,2.17,20,10,88,J16W,18-67273-203             ,5,1.67,76.96
107647,3/31/2025,BT6384,30:00.0,00:00.0,2,0.25,6,10,88,J16W,18-67524-001             ,4,0.4,160
107647,4/1/2025,XI8529,40:00.0,20:00.0,2,7.08,60,10,88,J16W,F18-68687-006            ,5,5,70.62
107647,4/2/2025,XI8529,40:00.0,20:00.0,2,3.42,26,10,88,J16W,F18-68687-006            ,5,2.17,63.45
107647,4/21/2025,XJ0024,40:00.0,40:00.0,2,2,40,10,88,J16W,18-72771-010             ,5,3.33,166.5
107647,4/21/2025,XJ0025,40:00.0,20:00.0,2,5.08,45,10,88,J16W,18-72771-012             ,5,3.75,73.82
107647,4/24/2025,BT8277,35:00.0,35:00.0,2,1,23,10,88,J16W,18-74995-000             ,1.5,0.58,58
107647,4/24/2025,BT9517,10:00.0,30:00.0,2,1.33,50,10,88,J16W,04-31977-000             ,1,0.83,62.41
107647,4/26/2025,XJ9933,58:27.0,10:38.0,2,4.87,18,10,88,J16W,22-57164-010             ,5,1.5,30.8
107647,4/29/2025,XJ5466,30:00.0,20:00.0,2,6.25,80,10,88,J16W,18-72771-010             ,5,6.67,106.72
107647,4/30/2025,XJ4226,40:00.0,20:00.0,2,0.67,5,10,88,J16W,18-72771-013             ,5,0.42,62.69
107647,5/7/2025,BU0933,00:00.0,20:00.0,2,0.33,2,25,88,J16W,12-28678-001             ,2,0.07,21.21
107647,5/7/2025,XJ9866,40:00.0,10:00.0,2,0.5,5,10,88,J16W,18-67273-105             ,5,0.42,84
107647,5/7/2025,XJ9867,10:00.0,00:00.0,2,0.58,6,10,88,J16W,18-67273-106             ,5,0.5,86.21
107647,5/7/2025,XJ9868,30:00.0,30:00.0,2,0.92,14,10,88,J16W,18-67273-108             ,5,1.17,127.17
107647,5/14/2025,XJ9865,20:00.0,20:00.0,2,3.67,34,10,88,J16W,18-67273-102             ,5,2.83,77.11
107647,5/16/2025,XJ6118,20:00.0,20:00.0,2,2.75,20,10,88,J16W,18-72771-012             ,5,1.67,60.73
107647,6/20/2025,XK1609,30:00.0,20:00.0,2,3.5,16,10,88,J16W,18-72771-013             ,5,1.33,38
107647,6/23/2025,BU5630,00:00.0,00:00.0,2,1,20,10,88,J16W,18-74995-000             ,1.5,0.5,50
107647,6/24/2025,XL1686,10:00.0,10:00.0,2,2.75,36,10,88,J16W,18-72771-011             ,5,3,109.09
107647,7/2/2025,BU4690,00:00.0,20:00.0,2,2.33,13,25,88,J16W,12-28678-001             ,2,0.43,18.45
107647,7/15/2025,XK1977,40:00.0,20:00.0,2,7.08,50,10,88,J16W,F18-68687-006            ,5,4.17,58.9
108067,1/18/2025,BS4636,30:00.0,30:00.0,2,7,0,30,88,J16W,18-71760-020             ,3.25,0,0
108380,9/17/2023,X66506,20:00.0,20:00.0,2,2,26,10,88,J16W,F18-68687-006            ,5,2.17,108.5
108380,9/18/2023,BO6572,20:00.0,00:00.0,2,0.67,22,25,88,J16W,12-28678-000             ,2,0.73,108.96
108380,9/18/2023,BO9178,15:00.0,20:00.0,2,0.08,3,20,88,J16W,22-74603-106             ,2.5,0.13,162.5
108380,9/19/2023,X65760,30:00.0,00:00.0,2,2.17,91,25,88,J16W,A03-43818-000            ,1.5,2.28,105.07
108380,9/21/2023,BP0644,10:00.0,10:00.0,2,1,15,10,88,J16W,18-67524-001             ,4,1,100
108380,9/23/2023,X75236,45:00.0,10:00.0,2,1.42,17,10,88,J16W,22-57164-010             ,5,1.42,100
108380,9/24/2023,X53906,10:00.0,20:00.0,2,5.17,75,10,88,J16W,18-64537-002             ,4.4,5.5,106.38
108380,9/25/2023,X67683,20:00.0,20:00.0,2,2,60,30,88,J16W,04-35196-103             ,2,2,100
108380,10/3/2023,BO8458,15:00.0,20:00.0,2,3.75,114,25,88,J16W,12-28678-000             ,2,3.8,101.33
108380,10/8/2023,BP1459,30:00.0,50:00.0,2,2.33,28,10,88,J16W,18-71533-002             ,5,2.33,100
108380,10/8/2023,X72095,20:00.0,20:00.0,2,1,17,10,88,J16W,F18-68687-006            ,5,1.42,142
108380,10/8/2023,X79931,10:00.0,00:00.0,2,0.83,10,10,88,J16W,18-71533-000             ,5,0.83,100
108380,10/9/2023,X72095,40:00.0,20:00.0,2,6.08,76,10,88,J16W,F18-68687-006            ,5,6.33,104.11
108380,10/10/2023,BP1041,15:00.0,00:00.0,2,0.75,37,10,88,J16W,18-65698-000             ,1.5,0.93,124
108380,10/10/2023,X72095,10:00.0,00:00.0,2,1.58,20,10,88,J16W,F18-68687-006            ,5,1.67,105.7
108380,10/11/2023,BO7291,05:00.0,20:00.0,2,2.25,55,20,88,J16W,18-44737-001             ,2.59,2.37,105.33
108380,10/11/2023,BO9091,00:00.0,25:00.0,2,0.42,55,10,88,J16W,18-44737-002             ,0.5,0.46,109.52
108380,10/18/2023,X74822,25:00.0,10:00.0,2,2.5,33,10,88,J16W,18-72771-012             ,5,2.75,110
108380,10/25/2023,BP2047,40:00.0,45:00.0,2,0.08,2,10,88,J16W,A03-34518-001            ,3.5,0.12,150
108380,10/25/2023,X74653,15:00.0,20:00.0,2,1.08,30,10,88,J16W,18-68687-020             ,5,2.5,231.48
108380,10/29/2023,X73998,30:00.0,20:00.0,2,1.83,22,10,88,J16W,F18-68687-006            ,5,1.83,100
108380,10/30/2023,X73998,10:00.0,50:00.0,2,1.42,18,10,88,J16W,F18-68687-006            ,5,1.5,105.63
108380,10/31/2023,X90428,10:00.0,20:00.0,2,6.58,105,10,88,J16W,18-67273-101             ,5,8.75,132.98
108380,11/1/2023,X90427,50:00.0,20:00.0,2,1.5,20,10,88,J16W,18-67273-100             ,5,1.67,111.33
108380,11/1/2023,X90429,15:00.0,40:00.0,2,0.42,5,10,88,J16W,18-67273-102             ,5,0.42,100
108380,11/1/2023,X90432,45:00.0,10:00.0,2,0.42,5,10,88,J16W,18-67273-108             ,5,0.42,100
108380,11/1/2023,X90435,55:00.0,20:00.0,2,0.42,5,10,88,J16W,18-67273-202             ,5,0.42,100
108380,11/1/2023,X90436,45:00.0,50:00.0,2,1.83,25,10,88,J16W,18-67273-203             ,5,2.08,113.66
108380,11/1/2023,X90438,25:00.0,50:00.0,2,0.42,5,10,88,J16W,18-67273-205             ,5,0.42,100
108380,11/1/2023,X90439,55:00.0,10:00.0,2,0.08,3,10,88,J16W,18-67273-206             ,3,0.15,187.5
108380,11/1/2023,X90440,15:00.0,25:00.0,2,0.08,3,10,88,J16W,18-67273-208             ,4,0.2,250
108380,11/1/2023,X90447,30:00.0,55:00.0,2,0.42,5,10,88,J16W,18-67273-230             ,5,0.42,100
108380,11/1/2023,X90448,00:00.0,20:00.0,2,0.33,5,10,88,J16W,18-67273-231             ,4,0.33,100
108380,11/1/2023,X90449,25:00.0,30:00.0,2,0.08,1,10,88,J16W,18-67273-240             ,5,0.08,100
108380,11/1/2023,X90451,35:00.0,45:00.0,2,0.17,2,10,88,J16W,18-67273-266             ,5,0.17,100
108380,11/2/2023,X90442,10:00.0,20:00.0,2,6.58,100,10,88,J16W,18-67273-210             ,5,8.33,126.6
108380,11/3/2023,BP3727,40:00.0,20:00.0,2,1.67,44,10,88,J16W,18-67526-060             ,3.5,2.57,153.89
108380,11/3/2023,X78595,10:00.0,10:00.0,2,2.58,54,10,88,J16W,03-44574-000             ,3,2.7,104.65
108380,11/4/2023,X81258,40:00.0,50:00.0,2,4.17,50,10,88,J16W,18-71533-000             ,5,4.17,100
108380,11/5/2023,X78344,35:00.0,20:00.0,2,2.75,35,10,88,J16W,18-72771-013             ,5,2.92,106.18
108380,11/20/2023,BO3468,45:00.0,20:00.0,2,0.29,19,10,88,J16W,18-72246-001             ,1,0.32,110.34
108380,11/20/2023,BO3470,45:00.0,20:00.0,2,0.29,19,10,88,J16W,18-72246-002             ,1,0.32,110.34
108380,11/24/2023,BP3724,00:00.0,20:00.0,2,3,90,25,88,J16W,12-28678-000             ,2,3,100
108380,11/25/2023,BO8353,10:00.0,20:00.0,2,5.17,405,30,88,J16W,18-74430-000             ,1,6.75,130.56
108380,11/27/2023,BO8353,10:00.0,50:00.0,2,6.08,459,30,88,J16W,18-74430-000             ,1,7.65,125.82
108380,11/30/2023,BP7368,55:00.0,00:00.0,2,0.08,2,25,88,J16W,22-52438-027             ,0.5,0.02,25
108380,11/30/2023,X81253,45:00.0,55:00.0,2,0.83,71,10,88,J16W,A18-66872-003            ,1,1.18,142.17
108380,12/4/2023,BP6122,45:00.0,50:00.0,2,0.08,1,10,88,J16W,18-47268-000             ,5,0.08,100
108380,12/7/2023,X84947,00:00.0,00:00.0,2,3.42,55,10,88,J16W,18-72771-010             ,5,4.58,133.92
108380,12/9/2023,X78301,40:00.0,20:00.0,2,6.67,88,10,88,J16W,F18-68687-006            ,5,7.33,109.9
108380,12/16/2023,X85259,55:00.0,20:00.0,2,6.42,76,10,88,J16W,18-72771-013             ,5,6.33,98.6
108380,1/2/2024,BQ0688,25:00.0,35:00.0,2,0.17,3,10,88,J16W,A03-34518-001            ,3.5,0.18,105.88
108380,1/2/2024,X85742,40:00.0,30:00.0,2,0.83,14,30,88,J16W,18-71760-020             ,3.25,0.76,91.57
108380,1/11/2024,BQ1338,15:00.0,20:00.0,2,0.08,3,25,88,J16W,22-52437-018             ,0.5,0.03,37.5
108380,1/11/2024,X90726,10:00.0,10:00.0,2,4.42,272,30,88,J16W,18-74430-000             ,1,4.53,102.49
108380,1/12/2024,BQ1338,55:00.0,00:00.0,2,0.08,5,25,88,J16W,22-52437-018             ,0.5,0.04,50
108380,1/17/2024,BP7404,00:00.0,40:00.0,2,2.33,62,20,88,J16W,18-44737-001             ,2.59,2.68,115.02
108380,1/17/2024,X97089,40:00.0,10:00.0,2,0.5,62,10,88,J16W,18-44737-002             ,0.5,0.52,104
108380,1/18/2024,BP7404,40:00.0,40:00.0,2,2.75,70,20,88,J16W,18-44737-001             ,2.59,3.02,109.82
108380,1/18/2024,X97089,40:00.0,15:00.0,2,0.33,70,10,88,J16W,18-44737-002             ,0.5,0.58,175.76
108380,2/1/2024,BP7404,25:00.0,10:00.0,2,2.33,58,20,88,J16W,18-44737-001             ,2.59,2.5,107.3
108380,2/1/2024,X97089,10:00.0,40:00.0,2,0.33,58,10,88,J16W,18-44737-002             ,0.5,0.48,145.45
108380,2/2/2024,BP9707,10:00.0,30:00.0,2,0.33,10,25,88,J16W,12-28678-001             ,2,0.33,100
108380,2/4/2024,BP6566,10:00.0,00:00.0,2,1.83,34,10,88,J16W,18-71533-002             ,5,2.83,154.64
108380,2/4/2024,X96328,30:00.0,20:00.0,2,2.83,50,10,88,J16W,18-71533-001             ,5,4.17,147.35
108380,2/7/2024,XA0534,55:00.0,50:00.0,2,3.58,157,25,88,J16W,A03-43818-000            ,1.5,3.93,109.78
108380,2/8/2024,BQ4547,10:00.0,20:00.0,2,0.17,2,10,88,J16W,18-47268-000             ,5,0.17,100
108380,2/12/2024,X96993,10:00.0,50:00.0,2,2.33,54,10,88,J16W,03-44574-000             ,3,2.7,115.88
108380,2/17/2024,X96316,35:00.0,50:00.0,2,1.25,140,10,88,J16W,A18-66872-002            ,1,2.33,186.4
108380,2/23/2024,XA1456,30:00.0,20:00.0,2,4.5,63,10,88,J16W,F18-68687-006            ,5,5.25,116.67
110420,5/28/2025,XK5544,00:00.0,00:00.0,2,4.42,57,10,88,J16W,18-67273-202             ,5,4.75,107.47
110420,5/29/2025,BU0214,00:00.0,20:00.0,2,1.33,30,10,88,J16W,18-68687-020             ,5,2.5,187.97
110420,5/29/2025,BU1940,50:00.0,20:00.0,2,0.17,10,10,88,J16W,18-74995-000             ,1.5,0.25,147.06
110420,5/29/2025,XJ5861,05:00.0,20:00.0,2,2.25,42,10,88,J16W,18-72771-011             ,5,3.5,155.56
110420,6/2/2025,XJ4714,00:00.0,20:00.0,2,0.33,21,25,88,J16W,A03-43818-000            ,1.5,0.53,160.61
110420,6/2/2025,XJ9917,40:00.0,15:00.0,2,1.58,22,10,88,J16W,18-72771-011             ,5,1.83,115.82
110420,6/2/2025,XK5538,35:00.0,00:00.0,2,0.42,5,10,88,J16W,18-67273-102             ,5,0.42,100
110420,6/2/2025,XK5544,45:00.0,35:09.0,2,3.5,46,10,88,J16W,18-67273-202             ,5,3.83,109.43
110420,6/4/2025,XK0478,40:00.0,00:00.0,2,3.08,42,10,88,J16W,18-72771-013             ,5,3.5,113.64
110420,6/6/2025,XK5539,10:04.0,10:35.0,2,1,10,10,88,J16W,18-67273-105             ,5,0.83,83
110420,6/6/2025,XK5544,10:00.0,10:00.0,2,1.75,23,10,88,J16W,18-67273-202             ,5,1.92,109.71
110420,6/7/2025,XI2709,10:00.0,40:00.0,2,2.42,25,10,88,J16W,18-71533-000             ,5,2.08,85.95
110420,6/9/2025,XK0107,00:00.0,30:00.0,2,0.5,26,25,88,J16W,A03-43818-000            ,1.5,0.65,130
110420,6/11/2025,XK5538,40:00.0,20:00.0,2,0.67,5,10,88,J16W,18-67273-102             ,5,0.42,62.69
110420,6/11/2025,XK5539,20:00.0,30:00.0,2,0.83,12,10,88,J16W,18-67273-105             ,5,1,120.48
110420,6/11/2025,XK5540,10:00.0,10:00.0,2,0.75,10,10,88,J16W,18-67273-106             ,5,0.83,110.67
110420,6/11/2025,XK5541,40:00.0,10:00.0,2,0.5,5,10,88,J16W,18-67273-108             ,5,0.42,84
110420,6/11/2025,XK5543,10:00.0,40:00.0,2,0.5,6,10,88,J16W,18-67273-111             ,5,0.5,100
110420,6/11/2025,XK5545,30:00.0,00:00.0,2,0.5,3,10,88,J16W,18-67273-203             ,5,0.25,50
110420,6/13/2025,XJ5452,00:00.0,20:00.0,2,1.33,38,10,88,J16W,18-64537-006             ,2,1.27,95.49
110420,6/16/2025,XK0600,50:00.0,20:00.0,2,0.5,80,30,88,J16W,18-74430-000             ,1,1.33,266
110420,6/16/2025,XL1224,50:00.0,20:00.0,2,0.5,5,10,88,J16W,18-67273-105             ,5,0.42,84
110420,6/16/2025,XL1228,10:00.0,50:00.0,2,0.67,6,10,88,J16W,18-67273-111             ,5,0.5,74.63
110420,6/17/2025,XK0600,40:00.0,24:00.0,2,2.48,238,30,88,J16W,18-74430-000             ,1,3.97,160.08
110420,6/23/2025,BU3936,00:00.0,20:00.0,2,0.33,2,10,88,J16W,18-71266-005             ,5,0.17,51.52
110420,6/23/2025,XK1729,40:00.0,50:53.0,2,2.92,15,10,88,J16W,18-72771-012             ,5,1.25,42.81
110420,6/25/2025,BU3317,30:00.0,20:00.0,2,1.83,13,10,88,J16W,05-28802-001             ,12.2,2.64,144.26
110420,6/26/2025,XL1223,30:00.0,30:00.0,2,1,10,10,88,J16W,18-67273-102             ,5,0.83,83
110420,6/26/2025,XL1224,00:00.0,00:00.0,2,1,10,10,88,J16W,18-67273-105             ,5,0.83,83
110420,6/26/2025,XL1225,00:00.0,00:00.0,2,1.67,20,10,88,J16W,18-67273-106             ,5,1.67,100
110420,6/26/2025,XL1227,30:00.0,00:00.0,2,0.25,5,10,88,J16W,18-67273-109             ,5,0.42,168
110420,6/26/2025,XL1229,00:00.0,00:00.0,2,1,18,10,88,J16W,18-67273-202             ,5,1.5,150
110420,6/27/2025,XL1224,36:26.0,37:52.0,2,1.68,5,10,88,J16W,18-67273-105             ,5,0.42,25
110420,7/2/2025,BU5987,30:00.0,00:00.0,2,0.25,2,10,88,J16W,A03-34518-001            ,3.5,0.12,48
110420,7/7/2025,BU5503,42:00.0,30:00.0,2,0.8,20,10,88,J16W,04-31977-000             ,1,0.33,41.25
110420,7/7/2025,XK1258,59:51.0,20:16.0,2,1.35,16,10,88,J16W,18-44668-004             ,5.5,1.47,108.89
110420,7/8/2025,XK8011,40:00.0,45:00.0,2,6.5,185,40,88,J16W,22-74603-001             ,2.5,7.71,118.62
110420,7/9/2025,XK6604,40:00.0,08:41.0,2,1.47,20,10,88,J16W,18-71533-001             ,5,1.67,113.61
110420,7/9/2025,XK8310,06:00.0,20:00.0,2,3.9,35,10,88,J16W,05-28802-000             ,6.3,3.68,94.36
110420,7/10/2025,BU7029,03:58.0,32:37.0,2,0.2,6,10,88,J16W,18-74995-000             ,1.5,0.15,75
110420,7/10/2025,XK8310,40:00.0,52:07.0,2,3.95,25,10,88,J16W,05-28802-000             ,6.3,2.63,66.58
110420,7/10/2025,XL1223,08:16.0,28:41.0,2,0.33,5,10,88,J16W,18-67273-102             ,5,0.42,127.27
110420,7/10/2025,XL1224,29:05.0,51:22.0,2,0.37,5,10,88,J16W,18-67273-105             ,5,0.42,113.51
110420,7/10/2025,XL1225,51:41.0,03:03.0,2,0.2,5,10,88,J16W,18-67273-106             ,5,0.42,210
110420,7/10/2025,XL1226,03:23.0,20:04.0,2,0.28,4,10,88,J16W,18-67273-108             ,5,0.33,117.86
110420,7/10/2025,XL1229,39:13.0,07:58.0,2,0.47,10,10,88,J16W,18-67273-202             ,5,0.83,176.6
110420,7/14/2025,XJ9863,40:00.0,00:00.0,2,4.75,60,10,88,J16W,18-64537-006             ,2,2,42.11
110420,7/14/2025,XL7353,15:00.0,20:00.0,2,0.08,1,20,88,J16W,A04-27869-010            ,5.1,0.09,112.5
110420,7/15/2025,BU6191,00:00.0,55:00.0,2,3.58,102,30,88,J16W,15-31345-000             ,2,3.4,94.97
110420,7/15/2025,XK6288,15:00.0,20:00.0,2,1.08,18,10,88,J16W,18-64537-002             ,4.4,1.32,122.22
110420,7/18/2025,XL1229,20:00.0,20:00.0,2,1,12,10,88,J16W,18-67273-202             ,5,1,100
110420,7/23/2025,BU5271,00:00.0,45:00.0,2,0.75,23,25,88,J16W,15-13932-007             ,1.9,0.73,97.33
110420,7/23/2025,BU7046,15:00.0,45:00.0,2,2.17,59,30,88,J16W,15-31345-000             ,2,1.97,90.78
110420,7/23/2025,XL6807,20:00.0,20:00.0,2,1,14,10,88,J16W,18-67273-111             ,5,1.17,117
136301,3/28/2025,XJ3701,51:36.0,09:04.0,3,0.3,5,10,88,J16W,18-67273-105             ,5,0.42,140
136301,3/28/2025,XJ3702,11:09.0,31:57.0,3,0.33,15,10,88,J16W,18-67273-106             ,5,1.25,378.79
136301,3/28/2025,XJ3705,40:00.0,05:00.0,3,0.42,5,10,88,J16W,18-67273-111             ,5,0.42,100
136301,3/31/2025,XI3770,24:00.0,20:00.0,3,6.35,102,10,88,J16W,18-72771-013             ,5,8.5,133.86
136301,4/1/2025,XJ0384,30:16.0,43:43.0,3,1,40,10,88,J16W,18-67526-060             ,3.5,2.33,233
136301,4/1/2025,XJ3701,59:36.0,10:01.0,3,0.18,5,10,88,J16W,18-67273-105             ,5,0.42,233.33
136301,4/1/2025,XJ3702,28:14.0,30:34.0,3,1.03,31,10,88,J16W,18-67273-106             ,5,2.58,250.49
136301,4/1/2025,XJ3703,40:04.0,50:04.0,3,0.17,5,10,88,J16W,18-67273-108             ,5,0.42,247.06
136301,4/1/2025,XJ3707,00:17.0,00:23.0,3,0.67,20,10,88,J16W,18-67273-203             ,5,1.67,249.25
136301,4/3/2025,XI8529,10:00.0,20:00.0,3,6.58,95,10,88,J16W,F18-68687-006            ,5,7.92,120.36
136301,4/8/2025,XJ4629,58:27.0,00:28.0,3,0.03,1,20,88,J16W,A04-27869-010            ,5.1,0.09,300
136301,4/9/2025,XI9070,10:45.0,54:01.0,3,4.15,64,10,88,J16W,18-44668-004             ,5.5,5.87,141.45
136301,4/10/2025,XI4716,16:18.0,51:39.0,3,0.58,20,10,88,J16W,18-72771-010             ,5,1.67,287.93
136301,4/10/2025,XI9727,14:28.0,56:23.0,3,2.37,70,10,88,J16W,18-72771-011             ,5,5.83,245.99
136301,4/11/2025,XJ0026,17:00.0,20:05.0,3,4.5,63,10,88,J16W,18-72771-013             ,5,5.25,116.67
136301,4/15/2025,BT8499,06:00.0,01:00.0,3,0.92,21,25,88,J16W,12-28678-001             ,2,0.7,76.09
136301,4/15/2025,BT9374,10:00.0,36:00.0,3,2.18,40,10,88,J16W,18-67526-040             ,2.5,1.67,76.61
136301,4/15/2025,BT9374,42:00.0,08:00.0,3,0.3,20,10,88,J16W,18-67526-040             ,2.5,0.83,276.67
136301,4/15/2025,BU1868,29:00.0,48:00.0,3,0.32,5,10,88,J16W,18-67526-050             ,3,0.25,78.13
136301,4/16/2025,XJ4038,25:03.0,20:49.0,3,0.92,23,10,88,J16W,18-67526-060             ,3.5,1.34,145.65
136301,4/17/2025,XJ3700,10:19.0,41:25.0,3,1.52,18,10,88,J16W,18-67273-102             ,5,1.5,98.68
136301,4/17/2025,XJ3701,13:55.0,01:09.0,3,1.8,20,10,88,J16W,18-67273-105             ,5,1.67,92.78
136301,4/17/2025,XJ3702,36:08.0,10:04.0,3,1.33,30,10,88,J16W,18-67273-106             ,5,2.5,187.97
136301,4/22/2025,XJ0025,20:57.0,53:09.0,3,3.97,55,10,88,J16W,18-72771-012             ,5,4.58,115.37
136301,4/24/2025,XI9895,23:07.0,22:44.0,3,3.73,45,10,88,J16W,18-44668-004             ,5.5,4.13,110.72
136301,4/25/2025,XJ4038,32:28.0,51:19.0,3,1.98,61,10,88,J16W,18-67526-060             ,3.5,3.56,179.8
136301,4/28/2025,XJ9933,14:07.0,21:41.0,3,1.12,14,10,88,J16W,22-57164-010             ,5,1.17,104.46
136301,4/30/2025,XJ5466,35:10.0,04:31.0,3,2.15,54,10,88,J16W,18-72771-010             ,5,4.5,209.3
136301,5/4/2025,BU1905,40:12.0,00:41.0,3,1.33,50,10,88,J16W,18-67526-040             ,2.5,2.08,156.39
136301,5/6/2025,BT0183,14:14.0,47:18.0,3,0.22,30,10,88,J16W,22-78118-010             ,1,0.5,227.27
136301,5/6/2025,XJ4225,41:52.0,20:00.0,3,0.65,8,10,88,J16W,18-72771-011             ,5,0.67,103.08
136301,5/12/2025,XJ5896,11:08.0,43:22.0,3,3.2,71,10,88,J16W,22-78696-000             ,1.2,1.42,44.38
136301,5/13/2025,XJ5468,42:35.0,20:19.0,3,6.05,76,10,88,J16W,18-72771-013             ,5,6.33,104.63
136301,5/14/2025,XI3983,44:01.0,21:22.0,3,1.62,105,25,88,J16W,A03-43818-000            ,1.5,2.63,162.35
136301,5/14/2025,XJ5468,45:35.0,29:30.0,3,0.73,9,10,88,J16W,18-72771-013             ,5,0.75,102.74
136301,5/16/2025,XJ5467,16:09.0,23:52.0,3,1.12,24,10,88,J16W,18-72771-011             ,5,2,178.57
136301,5/16/2025,XJ6114,34:52.0,29:32.0,3,2.65,36,10,88,J16W,18-71533-002             ,5,3,113.21
136301,5/21/2025,XK6263,23:18.0,21:21.0,3,2.72,74,20,88,J16W,04-35196-103             ,2,2.47,90.81
136301,5/22/2025,XI9714,42:37.0,21:46.0,3,0.65,9,10,88,J16W,F18-68687-006            ,5,0.75,115.38
136301,5/23/2025,XI9714,15:26.0,20:08.0,3,6.5,84,10,88,J16W,F18-68687-006            ,5,7,107.69
136301,5/27/2025,XI9714,35:07.0,49:10.0,3,5.65,74,10,88,J16W,F18-68687-006            ,5,6.17,109.2
136301,5/28/2025,XI8625,40:28.0,53:56.0,3,1.22,90,10,88,J16W,A18-66872-003            ,1,1.5,122.95
136301,5/30/2025,XJ5861,15:19.0,26:26.0,3,1.18,28,10,88,J16W,18-72771-011             ,5,2.33,197.46
136301,6/9/2025,XK0262,04:20.0,25:29.0,3,0.35,46,10,88,J16W,A18-66872-003            ,1,0.77,220
136301,6/10/2025,XK0107,06:17.0,47:31.0,3,0.68,58,25,88,J16W,A03-43818-000            ,1.5,1.45,213.24
136301,6/10/2025,XK1945,27:52.0,21:03.0,3,0.9,24,10,88,J16W,18-72771-010             ,5,2,222.22
136301,6/10/2025,XK7926,15:06.0,07:03.0,3,0.87,17,10,88,J16W,22-57164-010             ,5,1.42,163.22
136301,6/10/2025,XL1233,38:13.0,22:55.0,3,1.73,25,10,88,J16W,18-67526-060             ,3.5,1.46,84.39
136301,6/14/2025,XK0261,11:43.0,20:56.0,3,4.82,350,10,88,J16W,A18-66872-002            ,1,5.83,120.95
136301,6/18/2025,XK0661,10:00.0,30:00.0,3,2.08,10,10,88,J16W,18-44668-004             ,5.5,0.92,44.23
136301,6/18/2025,XK0661,50:02.0,22:53.0,3,3.28,58,10,88,J16W,18-44668-004             ,5.5,5.32,162.2
136301,6/23/2025,XK1609,40:15.0,24:59.0,3,6.15,89,10,88,J16W,18-72771-013             ,5,7.42,120.65
136301,6/25/2025,XK6488,34:48.0,49:41.0,3,2.98,162,25,88,J16W,A03-43818-000            ,1.5,4.05,135.91
136301,6/25/2025,XK8310,10:19.0,26:32.0,3,1.27,13,10,88,J16W,05-28802-000             ,6.3,1.37,107.87
136301,7/1/2025,XL1282,10:14.0,20:42.0,3,6.58,442,30,88,J16W,18-74430-000             ,1,7.37,112.01
136301,7/8/2025,XK1258,10:11.0,24:06.0,3,6.65,74,10,88,J16W,18-44668-004             ,5.5,6.78,101.95
136301,7/9/2025,XL1223,11:40.0,11:14.0,3,1,12,10,88,J16W,18-67273-102             ,5,1,100
136301,7/9/2025,XL1224,43:55.0,04:40.0,3,1.02,17,10,88,J16W,18-67273-105             ,5,1.42,139.22
136301,7/9/2025,XL1225,39:05.0,26:56.0,3,0.78,10,10,88,J16W,18-67273-106             ,5,0.83,106.41
136301,7/9/2025,XL1226,04:07.0,46:09.0,3,0.7,10,10,88,J16W,18-67273-108             ,5,0.83,118.57
136301,7/9/2025,XL1227,12:00.0,30:00.0,3,0.3,5,10,88,J16W,18-67273-109             ,5,0.42,140
136301,7/9/2025,XL1228,56:50.0,23:49.0,3,0.45,14,10,88,J16W,18-67273-111             ,5,1.17,260
136301,7/10/2025,XK1977,00:19.0,24:48.0,3,4.15,54,10,88,J16W,F18-68687-006            ,5,4.5,108.43
136301,7/11/2025,XL2912,17:33.0,05:47.0,3,0.8,16,10,88,J16W,18-67526-060             ,3.5,0.93,116.25
136301,7/15/2025,XK1977,14:22.0,20:17.0,3,6.52,81,10,88,J16W,F18-68687-006            ,5,6.75,103.53
136301,7/16/2025,XK1977,20:28.0,20:00.0,3,6.42,84,10,88,J16W,F18-68687-006            ,5,7,109.03
136301,7/22/2025,XK1702,13:04.0,02:49.0,3,6.23,190,25,88,J16W,15-13932-008             ,1.9,6.02,96.63
136301,7/23/2025,BU7427,37:06.0,34:52.0,3,0.95,25,10,88,J16W,18-74995-000             ,1.5,0.63,66.32
136301,7/23/2025,XK6011,10:17.0,31:31.0,3,1.02,94,10,88,J16W,A18-66872-003            ,1,1.57,153.92
136301,7/23/2025,XK7367,01:16.0,52:04.0,3,2.6,222,25,88,J16W,A03-43818-000            ,1.5,5.55,213.46
139202,3/23/2024,XB9054,30:00.0,30:00.0,2,7.42,125,10,88,J16W,18-67273-100             ,1.2,2.5,33.69
139616,10/2/2024,BS7732,43:41.0,58:01.0,2,0.25,42,10,88,J16W,22-52438-014             ,2.5,1.75,700
140066,3/23/2024,XB9054,30:00.0,30:00.0,2,7.42,125,10,88,J16W,18-67273-100             ,1.2,2.5,33.69
140066,3/26/2024,XB9055,40:00.0,30:00.0,2,3.58,50,10,88,J16W,18-67273-101             ,1.2,1,27.93
142220,10/7/2023,X78306,34:35.0,34:28.0,2,1.24,3,10,88,J16W,18-69349-004             ,5,0.25,20.16
142220,1/17/2024,XA0029,47:49.0,36:41.0,2,1.52,0,10,88,J16W,18-69349-004             ,5,0,0
108380,3/5/2024,X96952,00:00.0,20:00.0,2,5.75,70,30,88,J16W,18-44668-004             ,5.5,6.42,111.65
108380,3/6/2024,X96952,40:00.0,30:00.0,2,5.25,64,30,88,J16W,18-44668-004             ,5.5,5.87,111.81
108380,3/9/2024,XA1458,20:00.0,50:00.0,2,2.5,30,10,88,J16W,18-71533-001             ,5,2.5,100
108380,3/13/2024,BQ9227,30:00.0,20:00.0,2,3.5,100,10,88,J16W,18-67525-030             ,2.4,4,114.29
108380,3/19/2024,XA9197,10:00.0,20:00.0,2,6.58,78,10,88,J16W,F18-68687-006            ,5,6.5,98.78
108380,3/21/2024,X87589,10:00.0,20:00.0,2,6.58,85,10,88,J16W,18-68687-020             ,5,7.08,107.6
108380,3/23/2024,XA1474,10:00.0,20:00.0,2,6.58,430,30,88,J16W,18-74430-000             ,1,7.17,108.97
108380,3/25/2024,XA2264,10:00.0,20:00.0,2,6.58,72,30,88,J16W,18-44668-004             ,5.5,6.6,100.3
108380,4/1/2024,XB2374,10:00.0,55:00.0,2,2.5,30,10,88,J16W,18-69349-004             ,5,2.5,100
108380,4/3/2024,XB2367,10:00.0,20:00.0,2,5.58,67,10,88,J16W,F18-68687-006            ,5,5.58,100
108380,4/4/2024,XB2367,55:00.0,20:00.0,2,5.83,70,10,88,J16W,F18-68687-006            ,5,5.83,100
108380,4/8/2024,BQ6342,20:00.0,20:00.0,2,2,50,10,88,J16W,18-67526-040             ,2.5,2.08,104
108380,4/11/2024,XB9082,40:00.0,30:00.0,2,1.75,20,10,88,J16W,18-69349-004             ,5,1.67,95.43
108380,4/16/2024,XC5097,40:00.0,20:00.0,2,0.67,6,10,88,J16W,18-69349-004             ,5,0.5,74.63
108380,4/19/2024,BQ9487,20:00.0,20:00.0,2,2,55,25,88,J16W,12-28678-001             ,2,1.83,91.5
108380,4/19/2024,XA6790,05:00.0,15:00.0,2,2.67,35,10,88,J16W,18-72771-012             ,5,2.92,109.36
108380,4/30/2024,XC0001,40:00.0,20:00.0,2,6.08,72,10,88,J16W,F18-68687-006            ,5,6,98.68
108380,5/1/2024,XC5076,00:00.0,10:00.0,2,0.92,14,10,88,J16W,18-67273-202             ,5,1.17,127.17
108380,5/3/2024,XA1466,00:00.0,20:00.0,2,3,36,10,88,J16W,18-72771-011             ,5,3,100
108380,5/8/2024,BR3121,10:00.0,35:00.0,2,0.42,25,10,88,J16W,04-31977-000             ,1,0.42,100
108380,5/9/2024,BQ9612,40:00.0,50:00.0,2,0.17,13,10,88,J16W,18-67525-020             ,0.85,0.18,105.88
108380,5/10/2024,XB3583,25:00.0,35:00.0,2,2.92,35,10,88,J16W,18-72771-013             ,5,2.92,100
108380,5/15/2024,BR5534,00:00.0,40:00.0,2,0.67,40,10,88,J16W,18-72246-001             ,1,0.67,100
108380,5/15/2024,BR5535,40:00.0,20:00.0,2,0.67,40,10,88,J16W,18-72246-002             ,1,0.67,100
108380,5/23/2024,XB2415,25:00.0,35:00.0,2,2.92,35,10,88,J16W,18-72771-011             ,5,2.92,100
108380,5/28/2024,BR5428,00:00.0,20:00.0,2,0.33,20,10,88,J16W,04-31977-000             ,1,0.33,100
108380,6/3/2024,BR2400,00:00.0,35:00.0,2,0.58,21,25,88,J16W,12-28678-001             ,2,0.7,120.69
108380,6/3/2024,XC1371,00:00.0,20:00.0,2,2.33,29,10,88,J16W,22-57164-010             ,5,2.42,103.86
108380,6/3/2024,XC1371,00:00.0,20:00.0,2,1.33,18,10,88,J16W,22-57164-010             ,5,1.5,112.78
108380,6/7/2024,XC2224,25:00.0,20:00.0,2,2.92,100,10,88,J16W,18-71533-001             ,5,8.33,285.27
108380,6/10/2024,XB9796,10:00.0,20:00.0,2,3.58,50,10,88,J16W,18-68687-020             ,5,4.17,116.48
108380,6/12/2024,BR4259,00:00.0,20:00.0,2,1.33,38,25,88,J16W,12-28678-001             ,2,1.27,95.49
108380,6/13/2024,XC6846,25:00.0,00:00.0,2,4,50,10,88,J16W,18-72771-011             ,5,4.17,104.25
108380,6/13/2024,XD1457,00:00.0,20:00.0,2,1.33,15,10,88,J16W,18-69349-004             ,5,1.25,93.98
108380,6/13/2024,XD1457,40:00.0,55:00.0,2,1.25,14,10,88,J16W,18-69349-004             ,5,1.17,93.6
108380,6/14/2024,XD2305,25:00.0,20:00.0,2,6.33,80,10,88,J16W,18-72771-010             ,5,6.67,105.37
108380,6/20/2024,XD7513,40:00.0,50:00.0,2,2.92,35,10,88,J16W,18-69349-004             ,5,2.92,100
108380,6/26/2024,BR5791,55:00.0,20:00.0,2,0.42,12,25,88,J16W,12-28678-001             ,2,0.4,95.24
108380,6/27/2024,XC5708,40:00.0,20:00.0,2,1.67,98,40,88,J16W,22-74603-001             ,2.5,4.08,244.31
108380,6/27/2024,XC7099,15:00.0,20:00.0,2,4.75,57,10,88,J16W,18-72771-013             ,5,4.75,100
108380,7/1/2024,BR9842,35:00.0,50:00.0,2,0.25,5,10,88,J16W,15-21110-000             ,4.6,0.38,152
108380,7/2/2024,BR3411,05:00.0,15:00.0,2,1.92,13,10,88,J16W,18-64537-007             ,10,2.17,113.02
108380,7/2/2024,XC7097,50:00.0,20:00.0,2,0.5,10,10,88,J16W,18-72771-011             ,5,0.83,166
108380,7/5/2024,XC7803,10:00.0,20:00.0,2,1.17,14,10,88,J16W,F18-68687-006            ,5,1.17,100
108380,7/5/2024,XC7803,40:00.0,25:00.0,2,6.17,81,10,88,J16W,F18-68687-006            ,5,6.75,109.4
108380,7/8/2024,XD2232,10:00.0,50:00.0,2,0.67,33,20,88,J16W,04-35196-103             ,2,1.1,164.18
108380,7/9/2024,BR5754,10:00.0,45:00.0,2,1.33,24,10,88,J16W,18-67524-001             ,4,1.6,120.3
108380,7/9/2024,XC6443,10:00.0,20:00.0,2,1.17,30,10,88,J16W,18-71533-001             ,5,2.5,213.68
108380,7/9/2024,XC7809,45:00.0,20:00.0,2,2.58,48,10,88,J16W,18-71533-000             ,5,4,155.04
108380,7/9/2024,XD3142,15:00.0,15:00.0,2,1.75,40,10,88,J16W,18-71533-002             ,5,3.33,190.29
108380,7/10/2024,BR8135,25:00.0,20:00.0,2,1.92,45,10,88,J16W,18-67526-040             ,2.5,1.88,97.92
108380,7/10/2024,XC7073,20:00.0,55:00.0,2,1.25,25,10,88,J16W,18-67526-060             ,3.5,1.46,116.8
108380,7/11/2024,XD4526,10:00.0,15:00.0,2,2.83,37,10,88,J16W,18-67273-215             ,5,3.08,108.83
108380,7/11/2024,XD7485,45:00.0,35:00.0,2,0.5,10,10,88,J16W,18-67273-102             ,5,0.83,166
108380,7/11/2024,XD7486,05:00.0,25:00.0,2,0.33,7,10,88,J16W,18-67273-105             ,5,0.58,175.76
108380,7/11/2024,XD7487,35:00.0,20:00.0,2,0.75,10,10,88,J16W,18-67273-106             ,5,0.83,110.67
108380,7/15/2024,XC7816,55:00.0,10:00.0,2,2.92,39,10,88,J16W,18-72771-013             ,5,3.25,111.3
108380,7/18/2024,XD7495,20:00.0,20:00.0,2,2,30,10,88,J16W,18-67273-205             ,5,2.5,125
108380,7/22/2024,XD1899,55:00.0,15:00.0,2,2,40,10,88,J16W,18-72771-011             ,5,3.33,166.5
108380,7/22/2024,XD3422,00:00.0,20:00.0,2,0.33,5,10,88,J16W,18-72771-012             ,5,0.42,127.27
108380,7/24/2024,XE4481,10:00.0,20:00.0,2,6.58,93,10,88,J16W,18-68687-020             ,5,7.75,117.78
108380,7/25/2024,XD7501,00:00.0,00:00.0,2,2,37,10,88,J16W,18-67526-060             ,3.5,2.16,108
108380,7/25/2024,XD7501,20:00.0,20:00.0,2,1,21,10,88,J16W,18-67526-060             ,3.5,1.23,123
108380,7/30/2024,BR6773,05:00.0,55:00.0,2,0.83,50,10,88,J16W,22-78118-010             ,1,0.83,100
108380,7/30/2024,XD2136,10:00.0,50:00.0,2,5.08,137,40,88,J16W,22-74603-001             ,2.5,5.71,112.4
108380,7/31/2024,XE3369,15:00.0,20:00.0,2,2.08,30,10,88,J16W,18-67273-240             ,5,2.5,120.19
108380,7/31/2024,XE4194,30:00.0,15:00.0,2,3.25,45,10,88,J16W,F18-68687-006            ,5,3.75,115.38
108380,8/1/2024,XD7550,25:00.0,20:00.0,2,0.92,19,10,88,J16W,18-72771-010             ,5,1.58,171.74
108380,8/1/2024,XD7550,40:00.0,20:00.0,2,1.67,31,10,88,J16W,18-72771-010             ,5,2.58,154.49
108380,8/2/2024,XD7736,10:00.0,55:00.0,2,1.75,48,20,88,J16W,04-35196-103             ,2,1.6,91.43
108380,8/2/2024,XD7736,50:00.0,20:00.0,2,1.5,42,20,88,J16W,04-35196-103             ,2,1.4,93.33
108380,8/5/2024,BR8438,10:00.0,05:00.0,2,2.67,63,10,88,J16W,18-67526-040             ,2.5,2.63,98.5
108380,8/5/2024,XD9928,35:00.0,45:00.0,2,2.83,35,10,88,J16W,18-71533-002             ,5,2.92,103.18
108380,8/5/2024,XE3381,10:00.0,20:00.0,2,0.17,2,10,88,J16W,18-69349-004             ,5,0.17,100
108380,8/6/2024,XE3381,10:00.0,50:00.0,2,2.42,26,10,88,J16W,18-69349-004             ,5,2.17,89.67
108380,8/8/2024,BS0633,05:00.0,20:00.0,2,0.25,9,25,88,J16W,12-28678-001             ,2,0.3,120
108380,8/12/2024,XE5246,10:00.0,20:00.0,2,6.58,95,10,88,J16W,18-68687-020             ,5,7.92,120.36
108380,8/12/2024,XE5246,40:00.0,20:00.0,2,1.67,25,10,88,J16W,18-68687-020             ,5,2.08,124.55
108380,8/13/2024,XD3421,05:00.0,20:00.0,2,1.25,15,10,88,J16W,18-72771-011             ,5,1.25,100
108380,8/13/2024,XD8423,55:00.0,55:00.0,2,3.42,44,10,88,J16W,18-72771-013             ,5,3.67,107.31
108380,8/15/2024,XD9360,10:00.0,50:00.0,2,2.42,120,10,88,J16W,22-78696-000             ,1.2,2.4,99.17
108380,8/15/2024,XD9360,40:00.0,15:00.0,2,0.58,36,10,88,J16W,22-78696-000             ,1.2,0.72,124.14
108380,8/26/2024,XC7823,10:00.0,20:00.0,2,6.58,430,30,88,J16W,18-74430-000             ,1,7.17,108.97
108380,8/26/2024,XC7823,40:00.0,20:00.0,2,1.67,100,30,88,J16W,18-74430-000             ,1,1.67,100
108380,8/27/2024,BR8144,40:00.0,45:00.0,2,0.08,2,10,88,J16W,18-67526-050             ,3,0.1,125
108380,8/27/2024,XD2332,10:00.0,50:00.0,2,6.08,145,40,88,J16W,22-74603-001             ,2.5,6.04,99.34
108380,8/27/2024,XD8220,05:00.0,20:00.0,2,0.25,5,10,88,J16W,18-67526-060             ,3.5,0.29,116
108380,8/29/2024,XE4496,25:00.0,15:00.0,2,6.25,75,10,88,J16W,18-72771-013             ,5,6.25,100
108380,8/29/2024,XE4496,40:00.0,20:00.0,2,1.66,20,10,88,J16W,18-72771-013             ,5,1.67,100.6
108380,8/31/2024,BS4970,00:00.0,20:00.0,2,0.33,9,20,88,J16W,22-74603-106             ,2.5,0.38,115.15
108380,8/31/2024,XD9037,00:00.0,05:00.0,2,1.08,19,10,88,J16W,18-67526-060             ,3.5,1.11,102.78
108380,9/3/2024,XE4822,45:00.0,20:00.0,2,1.58,18,10,88,J16W,F18-68687-006            ,5,1.5,94.94
108380,9/9/2024,XD2095,10:00.0,20:00.0,2,6.58,450,30,88,J16W,18-74430-000             ,1,7.5,113.98
108380,9/10/2024,XE4495,05:00.0,20:00.0,2,2.25,27,10,88,J16W,18-72771-011             ,5,2.25,100
108380,9/10/2024,XE4495,40:00.0,20:00.0,2,1.67,20,10,88,J16W,18-72771-011             ,5,1.67,100
108380,7/29/2025,XK7161,50:00.0,20:00.0,2,5.92,65,10,88,J16W,18-44668-004             ,5.5,5.96,100.68
108380,9/17/2024,BS0716,20:00.0,20:00.0,2,1,14,10,88,J16W,18-67524-001             ,4,0.93,93
108380,9/17/2024,BS0716,40:00.0,05:00.0,2,0.42,6,10,88,J16W,18-67524-001             ,4,0.4,95.24
108380,9/17/2024,BS4405,55:00.0,50:00.0,2,0.92,27,25,88,J16W,15-13932-007             ,1.9,0.86,93.48
108380,9/18/2024,XE4698,25:00.0,20:00.0,2,2.67,32,10,88,J16W,18-72771-012             ,5,2.67,100
108380,9/23/2024,XE9974,25:00.0,15:00.0,2,6.25,75,10,88,J16W,18-72771-010             ,5,6.25,100
108380,9/23/2024,XE9974,40:00.0,20:00.0,2,1.67,20,10,88,J16W,18-72771-010             ,5,1.67,100
108380,9/25/2024,XE5846,45:00.0,20:00.0,2,2.58,35,10,88,J16W,18-72771-011             ,5,2.92,113.18
108380,9/25/2024,XE5846,40:00.0,20:00.0,2,1.67,20,10,88,J16W,18-72771-011             ,5,1.67,100
142834,11/1/2024,XF2059,40:00.0,00:00.0,2,3.08,40,10,88,J16W,18-72771-011             ,5,3.33,108.12
108380,10/1/2024,BS6961,00:00.0,50:00.0,2,0.83,50,10,88,J16W,04-31977-000             ,1,0.83,100
108380,10/2/2024,BS8328,50:00.0,20:00.0,2,0.5,6,10,88,J16W,15-21110-000             ,4.6,0.46,92
108380,10/2/2024,XF0146,45:00.0,20:00.0,2,0.58,7,10,88,J16W,18-72771-013             ,5,0.58,100
108380,10/3/2024,XF0146,25:00.0,20:00.0,2,6.33,75,10,88,J16W,18-72771-013             ,5,6.25,98.74
108380,10/3/2024,XF0146,40:00.0,20:00.0,2,1.67,20,10,88,J16W,18-72771-013             ,5,1.67,100
108380,10/4/2024,XF0146,10:00.0,20:00.0,2,5.58,74,10,88,J16W,18-72771-013             ,5,6.17,110.57
108380,10/9/2024,BS6437,55:00.0,20:00.0,2,0.42,10,10,88,J16W,18-67526-040             ,2.5,0.42,100
108380,10/10/2024,BS8139,30:00.0,55:00.0,2,2.17,67,30,88,J16W,15-31345-000             ,2,2.23,102.76
108380,10/15/2024,XF1976,10:00.0,00:00.0,2,4.25,58,10,88,J16W,18-71533-001             ,5,4.83,113.65
108380,10/16/2024,XF1039,10:00.0,20:00.0,2,6.58,430,30,88,J16W,18-74430-000             ,1,7.17,108.97
108380,10/16/2024,XF1039,40:00.0,20:00.0,2,1.67,100,30,88,J16W,18-74430-000             ,1,1.67,100
108380,10/17/2024,XF1039,10:00.0,35:00.0,2,2.17,149,30,88,J16W,18-74430-000             ,1,2.48,114.29
108380,10/23/2024,XF0877,40:00.0,20:00.0,2,1.67,20,10,88,J16W,18-72771-011             ,5,1.67,100
108380,10/28/2024,XF0878,25:00.0,10:00.0,2,1.5,19,10,88,J16W,18-72771-013             ,5,1.58,105.33
108380,10/31/2024,XF0382,05:00.0,10:00.0,2,0.83,17,10,88,J16W,18-67526-060             ,3.5,0.99,119.28
108380,11/4/2024,BS7732,05:00.0,20:00.0,2,1.25,27,10,88,J16W,22-52438-014             ,0,0,0
108380,11/4/2024,BS7732,40:00.0,15:00.0,2,0.58,13,10,88,J16W,22-52438-014             ,0,0,0
108380,11/5/2024,XF1878,35:00.0,20:00.0,2,5.25,65,10,88,J16W,18-72771-012             ,5,5.42,103.24
108380,11/5/2024,XF1878,40:00.0,20:00.0,2,1.67,18,10,88,J16W,18-72771-012             ,5,1.5,89.82
108380,11/6/2024,BS6437,30:00.0,20:00.0,2,3.5,87,10,88,J16W,18-67526-040             ,2.5,3.63,103.71
108380,11/6/2024,BS6437,40:00.0,20:00.0,2,1.67,38,10,88,J16W,18-67526-040             ,2.5,1.58,94.61
108380,11/6/2024,XF1878,25:00.0,45:00.0,2,1.08,15,10,88,J16W,18-72771-012             ,5,1.25,115.74
108380,11/7/2024,BS6437,10:00.0,20:00.0,2,3.58,91,10,88,J16W,18-67526-040             ,2.5,3.79,105.87
108380,11/8/2024,BS7577,00:00.0,20:00.0,2,0.33,12,30,88,J16W,22-74602-004             ,1.5,0.3,90.91
108380,11/8/2024,BS7578,10:00.0,30:00.0,2,0.33,12,30,88,J16W,22-74602-104             ,1.5,0.3,90.91
108380,11/8/2024,XF1871,25:00.0,20:00.0,2,1.92,30,10,88,J16W,18-67526-060             ,3.5,1.75,91.15
108380,11/12/2024,XF1548,50:00.0,20:00.0,2,2.5,100,25,88,J16W,A03-43818-000            ,1.5,2.5,100
108380,11/12/2024,XF1548,40:00.0,20:00.0,2,1.67,70,25,88,J16W,A03-43818-000            ,1.5,1.75,104.79
108380,11/13/2024,XF2145,25:00.0,20:00.0,2,6.33,80,10,88,J16W,18-72771-013             ,5,6.67,105.37
108380,11/13/2024,XF2145,40:00.0,20:00.0,2,1.67,20,10,88,J16W,18-72771-013             ,5,1.67,100
108380,11/14/2024,XF6014,25:00.0,15:00.0,2,3.33,46,10,88,J16W,18-72771-012             ,5,3.83,115.02
108380,11/22/2024,XH1938,30:00.0,20:00.0,2,2.83,160,40,88,J16W,22-74603-001             ,2.5,6.67,235.69
108380,12/12/2024,XG3004,10:00.0,20:00.0,2,1.17,15,10,88,J16W,18-72771-012             ,5,1.25,106.84
108380,12/12/2024,XG7627,25:00.0,25:00.0,2,4.42,60,10,88,J16W,18-72771-011             ,5,5,113.12
108380,1/13/2025,BT0988,20:00.0,20:00.0,2,1,30,25,88,J16W,12-28678-001             ,2,1,100
108380,1/13/2025,XI2861,30:00.0,35:00.0,2,0.08,1,20,88,J16W,A04-27868-011            ,5.1,0.09,112.5
108380,1/16/2025,XH1300,20:00.0,20:00.0,2,2,25,10,88,J16W,18-72771-011             ,5,2.08,104
108380,1/17/2025,BT4898,15:00.0,30:00.0,2,0.25,5,10,88,J16W,A03-34518-001            ,3.5,0.29,116
108380,1/17/2025,XF8062,10:00.0,45:00.0,2,1.33,19,10,88,J16W,18-71533-001             ,5,1.58,118.8
108380,1/21/2025,XG7249,00:00.0,20:00.0,2,3,180,30,88,J16W,18-74430-000             ,1,3,100
108380,1/22/2025,XG7249,50:00.0,20:00.0,2,5.92,390,30,88,J16W,18-74430-000             ,1,6.5,109.8
108380,1/23/2025,XH1930,45:00.0,20:00.0,2,6,72,10,88,J16W,18-72771-013             ,5,6,100
108380,1/27/2025,XH3482,35:00.0,20:00.0,2,1.75,48,20,88,J16W,04-35196-103             ,2,1.6,91.43
108380,1/28/2025,XF7913,15:00.0,20:00.0,2,5.5,221,25,88,J16W,A03-43818-000            ,1.5,5.53,100.55
108380,2/5/2025,BT2581,40:00.0,20:00.0,2,0.67,20,25,88,J16W,12-28678-001             ,2,0.67,100
108380,2/7/2025,XH3213,10:00.0,20:00.0,2,3.58,50,10,88,J16W,18-71533-001             ,5,4.17,116.48
108380,2/7/2025,XH7127,50:00.0,20:00.0,2,2.5,30,10,88,J16W,18-71533-002             ,5,2.5,100
108380,2/11/2025,XH7125,10:00.0,20:00.0,2,6.58,78,10,88,J16W,F18-68687-006            ,5,6.5,98.78
108380,2/12/2025,XH7651,30:00.0,30:00.0,2,1.75,54,20,88,J16W,04-35196-103             ,2,1.8,102.86
108380,2/20/2025,XH6755,10:00.0,05:00.0,2,1.67,116,10,88,J16W,A18-66872-003            ,1,1.93,115.57
108380,2/27/2025,XH7332,25:00.0,20:00.0,2,6.33,75,10,88,J16W,18-72771-010             ,5,6.25,98.74
108380,3/4/2025,XI4924,45:00.0,20:00.0,2,3.25,39,10,88,J16W,22-57164-010             ,5,3.25,100
108380,3/5/2025,BT6621,05:00.0,35:00.0,2,1.5,30,10,88,J16W,03-44574-000             ,3,1.5,100
108380,3/6/2025,BT8658,10:00.0,00:00.0,2,2.58,87,30,88,J16W,15-31345-000             ,2,2.9,112.4
108380,3/11/2025,XI9000,10:00.0,40:00.0,2,1.25,42,20,88,J16W,04-35196-103             ,2,1.4,112
108380,3/28/2025,XI8863,25:00.0,35:00.0,2,4.58,70,10,88,J16W,18-72771-011             ,5,5.83,127.29
108380,4/2/2025,BT7888,50:00.0,55:00.0,2,0.08,5,10,88,J16W,18-65698-000             ,1.5,0.13,162.5
108380,4/2/2025,XI4714,25:00.0,55:00.0,2,2.5,30,10,88,J16W,18-71533-002             ,5,2.5,100
108380,4/8/2025,XI9070,35:00.0,40:00.0,2,4.58,50,10,88,J16W,18-44668-004             ,5.5,4.58,100
108380,4/9/2025,XI8163,45:00.0,05:00.0,2,3,36,10,88,J16W,18-72771-012             ,5,3,100
108380,4/9/2025,XJ3700,10:00.0,30:00.0,2,0.33,4,10,88,J16W,18-67273-102             ,5,0.33,100
108380,4/22/2025,XJ0214,25:00.0,55:00.0,2,2.25,30,10,88,J16W,18-72771-011             ,5,2.5,111.11
108380,5/5/2025,XJ4225,25:00.0,20:00.0,2,6.33,77,10,88,J16W,18-72771-011             ,5,6.42,101.42
108380,5/12/2025,XJ5468,05:00.0,20:00.0,2,3,40,10,88,J16W,18-72771-013             ,5,3.33,111
108380,5/13/2025,XJ5468,25:00.0,20:00.0,2,6.33,75,10,88,J16W,18-72771-013             ,5,6.25,98.74
108380,5/20/2025,BU3684,05:00.0,15:00.0,2,1.83,39,10,88,J16W,03-44574-000             ,3,1.95,106.56
108380,5/20/2025,XI9714,45:00.0,20:00.0,2,1.58,21,10,88,J16W,F18-68687-006            ,5,1.75,110.76
108380,5/22/2025,XI9714,40:00.0,20:00.0,2,6.08,78,10,88,J16W,F18-68687-006            ,5,6.5,106.91
108380,5/27/2025,XK0663,40:00.0,00:00.0,2,3.08,52,10,88,J16W,18-67526-060             ,3.5,3.03,98.38
108380,5/29/2025,XJ4192,10:00.0,20:00.0,2,6.58,92,10,88,J16W,18-44668-004             ,5.5,8.43,128.12
108380,6/9/2025,XK7926,55:00.0,35:00.0,2,1.33,18,10,88,J16W,22-57164-010             ,5,1.5,112.78
108380,6/10/2025,XK0107,00:00.0,20:00.0,2,2,95,25,88,J16W,A03-43818-000            ,1.5,2.38,119
108380,6/12/2025,BU2019,55:00.0,15:00.0,2,0.33,9,25,88,J16W,12-28678-001             ,2,0.3,90.91
108380,6/12/2025,BU4799,35:00.0,05:00.0,2,0.5,30,10,88,J16W,04-31977-000             ,1,0.5,100
108380,6/16/2025,BU4132,10:00.0,10:00.0,2,3.58,60,10,88,J16W,18-71533-002             ,5,5,139.66
108380,6/17/2025,XK0661,50:00.0,20:00.0,2,1.5,15,10,88,J16W,18-44668-004             ,5.5,1.38,92
108380,6/24/2025,XK8310,15:00.0,00:00.0,2,4.17,41,10,88,J16W,05-28802-000             ,6.3,4.31,103.36
108380,6/30/2025,XL1282,10:00.0,20:00.0,2,6.58,450,30,88,J16W,18-74430-000             ,1,7.5,113.98
108380,7/10/2025,XL2912,05:00.0,20:00.0,2,2.25,38,10,88,J16W,18-67526-060             ,3.5,2.22,98.67
108380,7/21/2025,BU5416,55:00.0,00:00.0,2,1.08,31,25,88,J16W,12-28678-001             ,2,1.03,95.37
108380,7/21/2025,BU7361,50:00.0,20:00.0,2,0.5,30,10,88,J16W,04-31977-000             ,1,0.5,100
108380,7/21/2025,XK1702,40:00.0,20:00.0,2,0.67,20,25,88,J16W,15-13932-008             ,1.9,0.63,94.03
108380,7/23/2025,XL3127,55:00.0,40:00.0,2,4.17,52,10,88,J16W,22-57164-010             ,5,4.33,103.84
108380,7/25/2025,XL3737,45:00.0,20:00.0,2,5.25,56,10,88,J16W,05-28802-000             ,6.3,5.88,112
108380,7/25/2025,XL8312,40:00.0,45:00.0,2,0.08,1,20,88,J16W,A04-27869-013            ,5.1,0.09,112.5
143057,3/23/2024,XB9054,50:00.0,17:57.0,3,5.87,245,10,88,J16W,18-67273-100             ,1.2,4.9,83.48
143057,4/1/2024,XB9054,40:00.0,25:43.0,3,7.17,345,10,88,J16W,18-67273-100             ,1.2,6.9,96.23
143057,4/2/2024,XB9054,25:52.0,58:30.0,3,0.38,50,10,88,J16W,18-67273-100             ,1.2,1,263.16
145299,3/26/2024,XB9055,38:15.0,20:44.0,2,0.7,49,10,88,J16W,18-67273-101             ,1.2,0.98,140
136301,7/29/2025,XL3276,10:13.0,12:08.0,3,4.45,302,30,88,J16W,18-74430-000             ,1,5.03,113.03
105930,7/28/2025,XK1059,40:00.0,30:00.0,1,2.58,80,10,88,J16W,18-64537-006             ,2,2.67,103.49
111370,7/28/2025,XL3276,40:00.0,39:03.0,1,3.73,370,30,88,J16W,18-74430-000             ,1,6.17,165.42
136301,7/28/2025,XL3276,47:14.0,20:43.0,3,4.3,462,30,88,J16W,18-74430-000             ,1,7.7,179.07
136301,7/28/2025,BU4930,20:35.0,12:38.0,3,0.87,15,10,88,J16W,18-67524-001             ,4,1,114.94
136301,7/28/2025,XL3737,16:34.0,51:45.0,3,0.58,9,10,88,J16W,05-28802-000             ,6.3,0.95,163.79
111370,7/29/2025,BU5998,07:57.0,53:50.0,1,0.77,38,10,88,J16W,18-67526-040             ,2.5,1.58,205.19
108380,7/31/2025,XL6802,35:00.0,50:00.0,2,1.25,12,10,88,J16W,18-67273-102             ,5,1,80
108380,7/31/2025,XL6803,55:00.0,05:00.0,2,1.92,20,10,88,J16W,18-67273-105             ,5,1.67,86.98
111370,7/30/2025,XK7161,40:00.0,26:00.0,1,1.77,15,10,88,J16W,18-44668-004             ,5.5,1.38,77.97
105734,8/5/2025,XK6353,09:00.0,20:00.0,1,4.85,45,10,88,J16W,F18-68687-006            ,5,3.75,77.32
110420,8/5/2025,XK6353,40:00.0,20:00.0,2,6.08,75,10,88,J16W,F18-68687-006            ,5,6.25,102.8
125436,8/5/2025,XL6802,45:20.0,19:39.0,3,1.57,26,10,88,J16W,18-67273-102             ,5,2.17,138.22
125436,8/5/2025,XL6804,06:19.0,58:05.0,3,0.87,15,10,88,J16W,18-67273-106             ,5,1.25,143.68
125436,8/5/2025,XL6805,49:47.0,19:13.0,3,0.5,15,10,88,J16W,18-67273-108             ,5,1.25,250
125436,8/5/2025,XL6807,42:36.0,06:10.0,3,0.4,3,10,88,J16W,18-67273-111             ,5,0.25,62.5
125436,8/4/2025,XK1150,11:00.0,30:00.0,3,6.73,119,10,88,J16W,18-64537-006             ,2,3.97,58.99
107647,8/4/2025,BU8558,00:00.0,30:00.0,2,4.17,50,10,88,J16W,04-31977-000             ,1,0.83,19.9
125436,8/6/2025,XK6353,54:36.0,39:46.0,3,3.42,29,10,88,J16W,F18-68687-006            ,5,2.42,70.76
105734,8/8/2025,BU8775,11:12.0,12:44.0,1,1.68,55,10,88,J16W,03-44574-000             ,3,2.75,163.69
108380,8/8/2025,XL3275,25:00.0,20:00.0,2,6.33,76,10,88,J16W,18-72771-013             ,5,6.33,100
110420,8/8/2025,XJ5959,48:00.0,40:00.0,2,2.62,86,20,88,J16W,04-35196-103             ,2,2.87,109.54
110420,8/8/2025,XL1492,10:00.0,42:32.0,2,3.2,137,25,88,J16W,A03-43818-000            ,1.5,3.43,107.19
111370,8/8/2025,XL3275,40:00.0,20:00.0,1,7.08,82,10,88,J16W,18-72771-013             ,5,6.83,96.47
105930,8/7/2025,XK1371,00:38.0,00:33.0,1,3.67,120,10,88,J16W,18-64537-006             ,2,4,108.99
110420,8/7/2025,XL3737,15:00.0,20:00.0,2,6.5,60,10,88,J16W,05-28802-000             ,6.3,6.3,96.92
119978,8/7/2025,XK1371,00:00.0,09:00.0,3,6.57,180,10,88,J16W,18-64537-006             ,2,6,91.32
136301,8/8/2025,XL3275,26:42.0,23:17.0,3,0.95,12,10,88,J16W,18-72771-013             ,5,1,105.26
105930,8/12/2025,XK6004,40:00.0,59:00.0,1,2.07,60,10,88,J16W,18-64537-006             ,2,2,96.62
108380,8/12/2025,BU9263,40:00.0,10:00.0,2,1.33,45,30,88,J16W,15-31345-000             ,2,1.5,112.78
119978,8/12/2025,XK6004,55:00.0,20:00.0,3,5.83,104,10,88,J16W,18-64537-006             ,2,3.47,59.52
105930,8/11/2025,XK6004,17:00.0,20:00.0,1,3.72,120,10,88,J16W,18-64537-006             ,2,4,107.53
110420,8/11/2025,XK6004,30:00.0,20:00.0,2,0.83,16,10,88,J16W,18-64537-006             ,2,0.53,63.86
111370,8/11/2025,BU9257,28:06.0,37:41.0,1,0.15,6,30,88,J16W,15-29613-001             ,5,0.5,333.33
111370,8/11/2025,BU9259,53:44.0,58:26.0,1,0.08,8,30,88,J16W,15-29614-001             ,5,0.67,837.5
119978,8/11/2025,XL6802,50:00.0,10:00.0,3,0.33,5,10,88,J16W,18-67273-102             ,5,0.42,127.27
119978,8/11/2025,XL6804,28:00.0,48:00.0,3,0.33,5,10,88,J16W,18-67273-106             ,5,0.42,127.27
119978,8/11/2025,XL6806,41:00.0,26:00.0,3,1.42,22,10,88,J16W,18-67273-109             ,5,1.83,128.87
105734,8/13/2025,XL7831,43:00.0,20:00.0,1,0.62,7,10,88,J16W,18-67526-060             ,3.5,0.41,66.13
108380,8/13/2025,XL7032,10:00.0,20:00.0,2,6.58,90,10,88,J16W,18-44668-004             ,5.5,8.25,125.38
110420,8/13/2025,BU7935,10:00.0,20:00.0,2,2,60,10,88,J16W,18-67526-040             ,2.5,2.5,125
110420,8/13/2025,XL7831,10:00.0,40:00.0,2,3.25,48,10,88,J16W,18-67526-060             ,3.5,2.8,86.15
125436,8/14/2025,XL2376,12:44.0,58:06.0,3,0.77,90,10,88,J16W,A18-66872-003            ,1,1.5,194.81
105734,8/14/2025,BU9226,30:00.0,11:00.0,1,2.35,50,10,88,J16W,04-31977-000             ,1,0.83,35.32
105734,8/14/2025,XL6809,40:00.0,59:00.0,1,3.07,9,10,88,J16W,18-67273-240             ,5,0.75,24.43
110420,8/14/2025,BU7585,40:00.0,09:00.0,2,1.48,15,10,88,J16W,18-64537-002             ,4.4,1.1,74.32
111370,8/14/2025,XL7032,40:37.0,05:12.0,1,1.42,10,10,88,J16W,18-44668-004             ,5.5,0.92,64.79
119978,8/14/2025,XL7032,10:00.0,30:00.0,3,1.33,25,10,88,J16W,18-44668-004             ,5.5,2.29,172.18
119978,8/14/2025,XL7032,30:00.0,20:00.0,3,2.83,25,10,88,J16W,18-44668-004             ,5.5,2.29,80.92
105734,8/18/2025,XL7639,10:44.0,20:55.0,1,4.83,285,30,88,J16W,18-74430-000             ,1,4.75,98.34
105930,8/18/2025,BU6865,47:13.0,30:17.0,1,0.72,40,25,88,J16W,12-28678-001             ,2,1.33,184.72
108380,8/19/2025,BV0059,40:00.0,40:00.0,2,0.83,20,10,88,J16W,18-67525-040             ,3,1,120.48
108380,8/18/2025,XL7334,40:00.0,20:00.0,2,2.67,38,10,88,J16W,18-72771-011             ,5,3.17,118.73
108380,8/19/2025,BU6724,10:00.0,20:00.0,2,4.83,38,10,88,J16W,05-28802-001             ,12.2,7.73,160.04
108380,8/21/2025,XM2616,10:00.0,30:00.0,2,5.75,82,10,88,J16W,F18-68687-006            ,5,6.83,118.78
110420,8/18/2025,XL7639,40:00.0,15:00.0,2,5,338,30,88,J16W,18-74430-000             ,1,5.63,112.6
110420,8/21/2025,BU7993,40:00.0,25:19.0,2,2.5,18,10,88,J16W,22-57164-010             ,5,1.5,60
110420,8/25/2025,XM2371,45:00.0,00:00.0,2,1.92,32,10,88,J16W,18-67273-102             ,5,2.67,139.06
110420,8/25/2025,XM2372,00:00.0,45:00.0,2,0.75,10,10,88,J16W,18-67273-105             ,5,0.83,110.67
110420,8/25/2025,XM2373,45:00.0,20:00.0,2,0.58,10,10,88,J16W,18-67273-106             ,5,0.83,143.1
111370,8/18/2025,XL9228,40:00.0,25:00.0,1,3.5,29,10,88,J16W,05-28802-000             ,6.3,3.05,87.14
111370,8/21/2025,XM2616,40:00.0,20:00.0,1,7.08,85,10,88,J16W,F18-68687-006            ,5,7.08,100
111370,8/22/2025,XM2616,52:31.0,20:16.0,1,6.88,88,10,88,J16W,F18-68687-006            ,5,7.33,106.54
119978,8/21/2025,XL1684,01:00.0,20:50.0,3,5.73,66,10,88,J16W,18-64537-006             ,2,2.2,38.39
136301,8/18/2025,XL9228,30:00.0,24:28.0,3,3.65,47,10,88,J16W,05-28802-000             ,6.3,4.94,135.34
136301,8/19/2025,BU6724,34:34.0,20:14.0,3,0.77,10,10,88,J16W,05-28802-001             ,12.2,2.03,263.64
136301,8/19/2025,BU8837,49:07.0,32:40.0,3,0.72,30,10,88,J16W,18-74995-000             ,1.5,0.75,104.17
136301,8/19/2025,BU9314,46:52.0,01:35.0,3,0.25,8,30,88,J16W,15-29614-000             ,5,0.67,268
136301,8/19/2025,BU9315,31:37.0,49:15.0,3,0.23,10,30,88,J16W,15-29613-000             ,5,0.83,360.87
136301,8/20/2025,BU6724,23:34.0,25:09.0,3,3.7,19,10,88,J16W,05-28802-001             ,12.2,3.86,104.32
136301,8/21/2025,XM2616,30:51.0,21:21.0,3,1.85,15,10,88,J16W,F18-68687-006            ,5,1.25,67.57
136301,8/25/2025,XL7521,44:00.0,01:57.0,3,2.95,40,10,88,J16W,18-72771-012             ,5,3.33,112.88
